run_id,seed,v0,exit_closed,scenario_tag,stale_prior_base,stale_prior_amp,stale_decay_center,stale_decay_width,temp_ctrl_amp,temp_ctrl_center,temp_ctrl_width,boundary_amp,boundary_center,boundary_width,osc_amp,osc_center,osc_width,osc_freq,osc_phase,merge_gap_base,merge_gap_dip,merge_gap_center,merge_gap_width,prior_noise_scale,temp_noise_scale,boundary_noise_scale,conflict_noise_scale
0,20260316,18.92161927081193,True,closed_transition_conflict,0.3833596572087253,0.38763625528526297,33.08866289685988,6.851515747237389,0.6137528469643839,32.68017158164447,7.168836743845059,0.9352487165374408,23.505825503685287,4.200241702291362,0.08302407251282382,16.292944892547794,5.831033413927213,1.0349734442938594,1.7157466094316332,0.7990569137791693,0.2528005467767711,15.44643348969041,7.057499326627846,0.04397477315265062,0.023921312377905214,0.029737396171848934,0.02293609812682998
1,20260317,21.762995509242316,True,closed_transition_conflict,0.38297834867323666,0.43047842765138966,32.139513106792165,8.560595896055563,0.8465859808364644,33.42767619756601,8.399567984707902,0.8926503537595919,19.73152519304496,6.439410749502979,0.1313760439460302,21.587179835091796,5.568263423443816,1.2821880987921521,4.244659139352063,0.7157068122084473,0.16966038815058387,19.128586919737515,6.561759175794705,0.038723960828272716,0.03507147392959904,0.012662856708437314,0.03058845112954467
2,20260318,20.4554025971842,True,partial_redirect_conflict,0.42402080150959987,0.4560571589751458,33.53832331396876,9.192084228601015,0.6085792150102995,30.83954153917645,5.935113439534343,0.6764492085242761,20.270382409270976,4.8400067931469,0.11055221163556528,20.155313349366168,5.48446736499624,1.0656211778905684,0.3406161919926629,0.5147424796269917,0.2990011433954224,22.349842881606225,4.796994627592992,0.030016513246046067,0.021936094603420633,0.019326165672941036,0.02060994012144213
3,20260319,19.285268269763822,True,closed_transition_conflict,0.33348134917852085,0.3979724071397669,34.500915053058904,6.136066496746958,0.7598903380930118,37.10240445248827,7.516777901364277,0.8455351378662319,16.112058405868666,4.405213240726355,0.13408558494451378,22.05930285645268,7.658889577659634,1.0677546474712052,3.2628695371747454,0.5668590718750183,0.2752049926097221,15.915787270087941,4.675751723567608,0.03497014571660653,0.035670149936536666,0.02738467524440249,0.01857208287439682
4,20260320,20.311579312833608,True,closed_transition_conflict,0.31036917456411584,0.5117731346170374,30.749781343580675,7.224021939349287,0.6971746112690479,36.17528444867035,6.260442302626006,0.9018393034856329,19.944002502400522,5.017940241273354,0.06175851932208074,21.32220789085636,7.704722081680259,0.9445004205201117,1.4672480021264753,0.5991083446923083,0.235712227179705,25.357211848637284,6.800558070709394,0.045777391139995176,0.02861395576953979,0.020944251101832345,0.017599931511175483
5,20260321,20.925376886704314,True,closed_transition_conflict,0.3545443256302412,0.4973897701503577,33.346135665684976,8.689907457806434,0.6331213734699215,30.61857364398396,7.3866620827314575,0.858278696957235,17.504904767264303,4.398686102445272,0.11044725729195651,15.545223203506056,7.8598264033346945,1.0637215055955613,0.8745406967393882,0.7398901174420985,0.1989686337668361,17.606860094090734,7.978964557522218,0.021244453270117456,0.03853546276986264,0.021246927503848045,0.0236230833109079
6,20260322,21.70043121032848,True,closed_transition_conflict,0.3063010697384612,0.4193592020243022,34.467055768962354,6.043721915962232,0.6267490308640152,36.0489398385916,7.781793866979894,0.7928303991715858,18.067625337885673,5.27301577188612,0.11095653609729225,15.264268397856307,5.739668166547862,1.2769819067641859,3.0875358870180682,0.5839907050352939,0.22556725899484106,16.568312700817597,5.332921286070123,0.03490446557925983,0.03888067649040057,0.015190657881214473,0.02369888373586949
7,20260323,19.815950832311394,True,closed_transition_conflict,0.29493039858168196,0.4666398567159719,33.66130673382462,7.903361397027976,0.8559593071640985,34.131669775461866,5.292567202322506,0.7927980180752879,16.7138825696169,5.783156453061707,0.06305880659711062,17.161497335158646,5.764080602562583,1.1229261886681654,5.016873271272814,0.6029442511013261,0.23544493303173203,25.699316372507834,6.500094063994926,0.02169965380685346,0.03025646837781573,0.0129707009070836,0.028411065650912573
8,20260324,18.503839601391956,True,closed_transition_conflict,0.3862589237063778,0.41977631289349754,29.285851513758608,8.068349676888907,0.5980335060382115,34.00151665909919,5.460742107316227,0.8426706868781896,16.521058197604816,6.36571858464263,0.12273375390215857,15.927707439954537,6.909441619812241,1.3693328939129241,5.416516019190296,0.5839729695670455,0.1981636244616239,22.941913606288555,5.2016504842525695,0.03144528464597818,0.03399665092772933,0.016108644150001385,0.0247607931642926
9,20260325,21.550695102686763,True,closed_transition_conflict,0.38447401434184303,0.4541730785976663,28.285079010937014,7.624152243655944,0.794193609050669,30.393834605590108,8.2034257123762,0.8028149050265603,20.844988256826557,4.00451800898732,0.08293552504879156,19.78459287279241,6.838179916099534,1.018653057483735,5.522994191241182,0.6491444235606908,0.251362110414596,14.747368311785415,4.047626575753856,0.042214468384708076,0.023307573044394438,0.02630431260565006,0.021688980721737645
10,20260326,20.407702903139814,True,closed_transition_conflict,0.2787724495226581,0.3736791698753242,35.277470112820865,8.942374097226692,0.7249377742979215,33.915793848557996,7.9934726841504355,0.7799749597275724,17.970960359333382,5.577711749226967,0.09062563371449867,17.513165654279803,5.5135060790266595,1.0799616111225678,1.6131544269484996,0.6696692522635828,0.116889978536382,22.90632872519678,4.518461758085374,0.02938190309485364,0.025334953445969248,0.014316631066537208,0.02862127109929965
11,20260327,20.021793636823656,False,open_valid_exit,0.3445026825490312,0.34857234160522305,31.676698065680263,7.885750756465871,0.09223069102703116,31.06305636576418,7.219512501569541,0.10677719490763865,14.338845056227644,4.7110573937767715,0.021135828334375627,17.506104485393973,7.995215535762038,0.9106195108725619,4.833796792038766,0.7977632825315855,0.13686642556635464,21.41109903549831,4.240431697222916,0.03964842443051833,0.02346422688575158,0.024520448084947605,0.02026735264223263
12,20260328,18.873225417891778,True,partial_redirect_conflict,0.33106226198676947,0.35055387788756115,29.432529388196194,7.5865579303464505,0.5472021613483492,26.069973337933657,8.456803889576666,0.6140656336344663,18.333430184073663,5.26222869254641,0.19925999652797305,23.7227019435023,7.285822602101479,1.3131691985925045,2.2246327324564747,0.6156268268336464,0.2851649765100699,15.66133471233792,6.452415171750136,0.04102680315833425,0.04754439253100836,0.029712177797992314,0.023684426077878337
13,20260329,20.93116710222588,True,closed_transition_conflict,0.335489416901813,0.45427846050597487,28.074338900237414,7.606262223291873,0.7954870414023831,35.06612901281909,5.969955566794693,0.9243466800388024,19.775654621978944,4.0478618438975476,0.07907207548344145,15.250064782292787,5.234635487573219,1.0570050705070408,1.8055819861947342,0.7429593924713358,0.1731504577773768,16.25736248420167,5.503239956212853,0.022699215979468633,0.04719013848286985,0.013298702398563629,0.03219308691573429
14,20260330,21.818093519000655,True,closed_transition_conflict,0.3542554066514738,0.43455784130229996,28.88269247831523,8.295864380742122,0.6177618695268571,36.864029512567654,7.195529279285194,0.8302525367461508,16.47577830648156,4.555570961563104,0.0690183038001392,23.837581843637516,7.557086687901273,0.9468943524218609,2.7741963171946935,0.7504887416942603,0.17833241955960444,25.30817650491528,6.601981385445406,0.046316635147108876,0.03529825343214466,0.01863849582151245,0.02443953617948655
15,20260331,21.72518476504303,True,closed_transition_conflict,0.3393806498194822,0.49591138657546135,28.49912884283387,8.73858819288276,0.8442312323926491,28.22866436862501,6.475416915009448,0.7833584281833663,16.787865475289443,4.121918003390969,0.10165290925795001,19.345694158877105,7.6396402893088595,1.4531504799435722,4.303318609301842,0.6659556979564095,0.23363169852305413,19.736652144425666,6.677760696334449,0.03583465514825872,0.03112165918190376,0.02197269063033387,0.030922696428402174
16,20260332,19.410002435720727,False,open_valid_exit,0.38913952020668485,0.3452359375759376,30.768882725781076,8.021801308427666,0.15026161322674222,29.814394751450273,5.071794047382083,0.1346425476109687,15.981384599748363,6.475664948304177,0.015792294879061707,22.109671624255444,6.634769239126856,1.0843981822200104,3.293000993989754,0.72365874755444,0.07626430260057944,23.37800257642938,7.849510591633942,0.042455363175687315,0.03274973020661037,0.02434863995705771,0.022723239111710758
17,20260333,19.26747536130101,True,closed_transition_conflict,0.29861765010968055,0.4837729202070091,28.13509688803698,7.761090363177811,0.7021269244963657,31.885137318587173,8.298372317940718,0.8411084303069603,23.289669714205424,5.425600332505104,0.13387156269067613,23.390442568142547,6.617332367982789,1.3107076312297827,4.105011349377534,0.7346824154222293,0.2962391098657705,23.59036105280662,7.630096366163151,0.02630254881067302,0.047974365016226185,0.014897405333587271,0.022894900933143475
18,20260334,20.390978900035005,True,closed_transition_conflict,0.31134032980716814,0.405046026368454,32.183766508645306,6.690503417345448,0.7419871948356742,32.778915794787366,7.103632002274655,0.9223915925032723,16.5995751434037,4.698442010437856,0.06920379527559989,22.931029396835747,7.399568919319327,1.3941559161112833,0.07692524039074373,0.7065542563824678,0.1646162888082815,24.91034804968273,4.434270763565072,0.04570201098368992,0.03652764486374237,0.014798564626341281,0.018201278831445913
19,20260335,20.10329691453204,True,closed_transition_conflict,0.3932874415181505,0.459880496960584,29.641362430404165,6.684555603128809,0.684746525980935,31.705783656329285,5.653578542932633,0.8611121460969245,20.33755502577187,4.508354970083353,0.07256400472698762,16.864602037659818,7.10586500016298,1.1607178619123022,4.9343504240021465,0.7558919515059195,0.19045203204760486,20.142647355518317,6.935591797058424,0.025613424537287974,0.040454559870097315,0.01710088871590051,0.02637449417361471
20,20260336,20.589728584643474,True,closed_transition_conflict,0.26580120585273714,0.3954035741749776,30.830602830333284,8.408377266037466,0.7276313529923302,37.747289017404995,7.985786641909083,0.7579713372469632,21.703781338690884,4.93413140065913,0.1399845749292422,22.92903937613052,5.595627121413872,1.3765238751235842,5.238482124622149,0.7269549408376017,0.2979927988108445,14.030207887731073,6.5064628120712324,0.027528160551554225,0.048200688587608204,0.013818179298293017,0.020491715499772613
21,20260337,18.86100639838774,True,closed_transition_conflict,0.2878368574504567,0.4912337740717875,31.84179402756967,6.569661497265024,0.676125980813725,34.03531462214797,7.246437540777187,0.9051328576986307,21.181104598171636,4.600135535830002,0.11216924802071959,17.190447039716485,6.238026535169385,1.3651980849532874,2.999720554438999,0.72743149145059,0.23892376127951273,17.329976455815313,5.066455823162033,0.030284966797471446,0.026092196594256874,0.017732020261238712,0.022963297927966857
22,20260338,19.471137437857475,True,closed_transition_conflict,0.28501264876026056,0.39726916210180385,35.90212251395731,7.548020706736173,0.8731805781318955,28.00279700925685,8.40138786188206,0.9515344354672265,23.918889193506843,5.452409443488784,0.11165755119140955,19.556159105238226,6.231730087656091,1.4159970079562578,5.623716602219914,0.6868022060446068,0.1702164771708182,14.554030338272996,6.445681047067007,0.03911782059022304,0.03199929935295488,0.01597877125249727,0.02477593415150558
23,20260339,20.904929812710613,True,closed_transition_conflict,0.28722816161870623,0.4570763191226773,33.758694838863256,8.42890627078405,0.6221010923793954,32.087960923822976,7.46742896004158,0.7963991029400824,20.4908195134116,5.452543365671221,0.09452463161089414,16.613059675820658,6.320332080663022,1.1997550498112073,1.295084269162804,0.7855850418142651,0.18665017872537198,20.644670144092284,6.075841902824248,0.04911145649060078,0.022523953750093598,0.0145095585019086,0.019832143823281922
24,20260340,20.952062820217183,True,closed_transition_conflict,0.34411160490615106,0.4283480029906751,28.45948770750962,8.89957301738096,0.840821920484154,29.879786829059086,6.7574380463025205,0.8756115517589975,18.26569423270167,5.167873433970064,0.13688113446412742,21.574609596753067,5.234559202212697,1.0254508879665063,2.865023051660615,0.7663116349423067,0.15358642310776854,16.03828577812111,7.720729660304121,0.025050062791385306,0.030550584689030876,0.014769876473242845,0.027079472980841714
25,20260341,20.083033813378538,True,partial_redirect_conflict,0.3604834752589592,0.3729172729324098,33.81065376452289,7.617190314543986,0.5063587953033564,34.105913364665106,8.163236403489591,0.7327923065168713,17.104133904729537,6.081259997467916,0.13639578672530156,21.203057988522346,7.2471247711918405,1.2982174640060382,5.894852556989323,0.7179810579164793,0.23910652340806265,16.033585263174842,5.5287541551662365,0.02761881686892635,0.020632479085026516,0.026443173044536708,0.025661591324590026
26,20260342,21.836152997129936,False,open_valid_exit,0.3654497144359955,0.44295006084139693,28.87319607069267,8.844168802210632,0.10239976958338616,25.156993755315398,6.540487657292145,0.1523795951489865,16.331179796293892,5.45051571915053,0.025739826660274842,17.13183422610814,5.674455819057249,1.0773666046225243,5.953015890606483,0.7986923846760745,0.10147553765676093,17.463439905111212,7.561647849089581,0.0425007799742209,0.016937075648253336,0.01623050005511752,0.015816923785833863
27,20260343,20.8547013389141,True,closed_transition_conflict,0.34968426567033,0.387945235764857,35.41613776187226,7.408466813543457,0.6005349926723184,29.629426958848175,6.098617543822332,0.7608244943881916,21.414492645825263,4.837910171861184,0.12159865655275912,18.706849820835245,7.743986730912067,1.1626853207350807,5.785902233333576,0.670348813718602,0.2447492166958473,18.30276829640196,6.3137275866442355,0.026553353865235066,0.044133535308550034,0.024675442881325053,0.02000924787580851
28,20260344,19.25472025447438,True,closed_transition_conflict,0.29248087183591365,0.3710033422456784,30.990674978366222,8.298253371932205,0.7518677232955274,35.45433219579502,7.813197079798906,0.9075134614259841,18.46675599343063,4.80298280495487,0.11614110807279154,18.63668390076053,7.99695116252715,1.183385803793311,4.283018049438615,0.5973240314929343,0.11094570734075,18.783073904515923,6.243825288682409,0.03091617769314705,0.046254264217623756,0.013248088248587732,0.028708901952867752
29,20260345,18.91932227471974,True,closed_transition_conflict,0.3565676186784714,0.3744639912124357,31.032292141887126,6.241456847718308,0.829348921448771,29.71782630344162,5.902385926160672,0.8996430059554363,23.978832300941253,4.117003896039072,0.1221620545591815,22.966088437738197,6.087684104982095,1.0478354857357268,5.634268765812625,0.7639360755650562,0.18809856263037406,24.03116807991334,7.033363352276867,0.023055395142374167,0.036708519141404286,0.024114253798047883,0.027100924114052127
30,20260346,20.351115006198118,True,closed_transition_conflict,0.3771529057841606,0.4054346886508396,31.294994151594473,8.187871100076478,0.652284559757367,28.06328590219168,7.200601391968867,0.761246460928575,18.165279113190827,5.916301065452629,0.09653861555745777,15.710217166595218,6.496176530545043,1.0492688174166651,3.1226635736985275,0.7309319913670771,0.18008998636763637,24.898127850831205,5.410365667205079,0.0457553073523252,0.04651268679887553,0.028603720326617395,0.03340055360920862
31,20260347,19.164796227944052,True,partial_redirect_conflict,0.2960258589046398,0.33877955324981096,35.2133007164693,7.300549572008231,0.6002587727465815,31.40917961273404,5.573141903691264,0.7128545089656688,22.03963303059708,5.1574945190770745,0.14762764752788773,17.321316033844276,6.369018488886365,1.0262126154917794,1.94148666954182,0.7353621499897524,0.20754922741340254,22.476332594076556,5.821451714211824,0.04390630042851307,0.03241467722916824,0.0254191166859338,0.027728077956547307
32,20260348,18.326856373107137,True,closed_transition_conflict,0.37645852823974335,0.48338236852577177,35.243199077823846,7.5079465408361,0.681261229857094,29.055382785292146,6.051692743145136,0.8332785897897467,21.729287469371666,4.963811336026124,0.10065325196696934,20.623568844761536,5.997640001234634,1.2218250081043125,5.004165609758417,0.7867908665008707,0.11844794628427835,20.087403994264278,6.630149664658003,0.02764114520046628,0.034676148721970855,0.0226455595515454,0.03115121720846601
33,20260349,18.763693983073026,True,closed_transition_conflict,0.39835274087573735,0.4999315293560012,34.44709676058524,6.663857010078648,0.8337476800069408,34.25416895460428,5.676872905099822,0.9088567239370027,19.709284298799567,6.447799073800674,0.11996601275156965,20.191069172553053,5.530727390710526,1.43925610684563,2.314782700431306,0.6304103958240708,0.20319855266964834,23.47977003002445,6.617837965909377,0.043164371443255356,0.034517811314143415,0.0203244544781149,0.016145317833721598
34,20260350,21.20151024686299,True,closed_transition_conflict,0.34794909162010046,0.43417837047545527,32.13375100005958,6.4948600008788,0.8137591225788544,29.109369426564346,8.066027491344311,0.8483886613460057,21.398819253602134,4.74208041678061,0.12684846682994294,22.78430624024997,6.763694183691731,1.093114346178702,0.5091264541635391,0.7492924486744648,0.2528755641462452,24.217006594745598,7.8174480993584305,0.02164356186156949,0.044533597432786745,0.014426771674219251,0.025304942620938235
35,20260351,19.946341219541335,True,closed_transition_conflict,0.33476057461811803,0.4372922174835318,33.85245028723984,8.580872816250784,0.666015413643013,34.14776046915268,5.575903470594524,0.832609976994283,19.37287818034458,5.114550827532572,0.10211126206894175,19.540731188659827,6.23661251567172,1.3839564333772154,3.539903486556044,0.6227123997968433,0.12417994266480187,19.97207558419192,4.182350264565494,0.049574280925763554,0.046302143531378556,0.01830194126559781,0.023772623304733585
36,20260352,19.780855234793506,True,closed_transition_conflict,0.38939329388293586,0.4421693802334598,33.59805580908826,6.672705834221149,0.64139202250956,31.312114040346884,8.014916595388232,0.8021896460434208,23.47297081611885,5.222505250575201,0.10849094774979402,15.226843086479501,5.1004206878568406,1.1013317249728811,0.7917850016915414,0.7217950624181894,0.24570623795560131,18.880327179747553,7.699056154804445,0.029582381531338332,0.026674172133285202,0.016324973235155908,0.02330989589395019
37,20260353,20.944909733050803,True,partial_redirect_conflict,0.3518437189759488,0.4236896591889703,32.30248388129997,7.357348961814538,0.5404449698603119,35.947782035924064,8.890520771200304,0.6131014236349036,17.788454979712892,5.6849413030337095,0.18680408657342484,23.744201123953765,5.732022707924285,1.5929999217739192,0.2569940142885814,0.5268322194647794,0.21110412104325896,16.130110101200316,7.094053594956774,0.026759470706319514,0.04761444085318768,0.025749460443346382,0.019330257793316916
38,20260354,19.616655238736247,True,closed_transition_conflict,0.2760528350122248,0.444177385360034,32.73539298831564,7.130328305607286,0.8242094251882955,30.497407325274892,7.970830547078533,0.8426026042109159,20.231392930878275,5.289034032694974,0.08323571701888204,16.387723095135932,7.958627746690357,0.9283719626826745,5.4770477633143795,0.6579201858294268,0.2942656816214044,18.429526704502706,6.77441246299874,0.040058912508049604,0.034833734857425594,0.0240150234013797,0.02942480312743309
39,20260355,18.645823998839084,True,partial_redirect_conflict,0.3330172700472837,0.33953110967756983,30.47475918667884,9.223946319230476,0.5424258556273874,32.74299518200059,7.178402295802141,0.5699879158110447,18.68756447243291,4.368520555633886,0.1738826854381771,18.07881845338673,7.472816300841185,1.141720047252309,5.341928909886873,0.5470534118583681,0.23997721250115625,21.173810592837373,6.389577301247463,0.04410176002681041,0.026438736629134322,0.02127461550348883,0.02369240813890676
40,20260356,18.061109802788593,True,closed_transition_conflict,0.35023764922651673,0.4778547496998491,29.752416617891125,8.76327025583614,0.7499702018831789,37.39011857788741,6.844366125120049,0.8550019872023467,17.90024769429374,5.798227911322489,0.08223828092340053,20.989630940566173,7.283641754569388,1.4384605872949185,2.4722460854393606,0.6493002615299103,0.14156048862256754,23.198204018295815,6.380386235663009,0.030685682233600554,0.04759371925761308,0.015415232834800629,0.02939506188363107
41,20260357,19.01255818290913,True,closed_transition_conflict,0.3520827565240361,0.49273041179796095,34.65915740939531,7.021004815742934,0.5894711445465116,36.307274878193795,5.518206229483931,0.7955214688709304,18.229964949478962,5.102519269309964,0.07395412621146756,21.130645823381812,6.697937282230042,0.9787370575404196,4.721146919243078,0.5600485662519921,0.11162632363217362,22.18794773994082,6.34507691130638,0.037591097180169133,0.04385555764577197,0.01449521976143854,0.023566033579216765
42,20260358,19.074073138730682,True,closed_transition_conflict,0.27254895347802094,0.44831459734879164,30.23906589077798,6.008313006502736,0.658922614976671,35.72204417707192,6.660870470349265,0.9239438187725016,17.23742875035426,4.082050392798961,0.1364939457927648,19.341230643159527,6.630892524668093,1.331842279225942,5.264995047975776,0.7233331144534723,0.20121642380591007,25.919962673699093,4.017744352361142,0.04891864897677371,0.045681313528442666,0.01819514133736285,0.028268327725072213
43,20260359,19.250125817347286,True,closed_transition_conflict,0.2841630372289809,0.5047397915517637,29.315238204510322,8.357541635208126,0.8296194129382406,29.90370643458941,8.068287595775788,0.795620716527508,20.052563697610818,6.318855317854911,0.08580663840822457,19.73028711765798,6.7362403522452805,1.4802433380536153,1.8795649835916497,0.6707507765994879,0.2458457035170082,17.836854782062556,5.080479083725006,0.040579421561643694,0.044938456288998264,0.028107819379951552,0.025735722537537448
44,20260360,21.900945339412246,False,open_valid_exit,0.31649392174896884,0.46261951742205965,31.788905136159805,8.146723959783222,0.20224206350549542,24.559464781708293,6.97478972366938,0.18668324247985163,20.807475163849038,5.657459633507438,0.029923150554784665,19.390953731574477,6.133005286676091,0.8774959868122816,4.052083033819924,0.725312098452721,0.1126059808204374,21.852799750633356,6.735526477457663,0.03546481143129069,0.028557566389764463,0.022237872188392845,0.015325069330737143
45,20260361,21.011682277518155,False,open_valid_exit,0.382149371287804,0.36342506852149176,29.398746511605733,6.148939490499329,0.2164077794605186,29.263664156869154,7.754953692336323,0.13961758485580722,20.36160611092638,5.437215808051916,0.015738142861862436,15.754554962417272,5.936316559325933,1.0783923405904028,3.2534100318095045,0.8173921271141995,0.09197240911478102,16.33677074732357,6.795618985050352,0.02680811864675557,0.03072473715553428,0.020794746562349822,0.02771821982608814
46,20260362,21.885104770762858,False,open_valid_exit,0.29202723008590237,0.36408679246482106,31.369246041364775,7.011802747241791,0.11987569214462002,31.995549489137844,5.146599181641583,0.20793034321540116,19.487984056268076,5.015974890888984,0.0024305562524206837,22.326332555992416,5.043678961429099,0.8622209185261279,3.426624421331826,0.8508736250527471,0.066693222731295,17.908927730535936,7.785363482811736,0.025185709774290344,0.017397038589365473,0.021926435137034565,0.027563245047654693
47,20260363,21.991239292976573,True,closed_transition_conflict,0.344680019297179,0.47189843024360134,28.796271174980067,8.703576487538058,0.5951832131409099,37.602200143537644,8.437622401907475,0.8262331507067637,16.47361667270388,4.773246675179376,0.07896075537264824,23.25232771696001,5.602336480558876,1.3321474362915067,5.507399217826341,0.5701888950067147,0.24977700128167896,19.465424876749054,6.181883977507532,0.0371870589535605,0.020229603359021905,0.029080719788935443,0.019457730374190733
48,20260364,18.365839674749566,True,partial_redirect_conflict,0.39338639347051807,0.3624425445337091,33.501361820964554,9.460988079664688,0.5092091568216062,31.26554387168366,8.977170550723306,0.7496597821818666,22.907853197989514,5.246379226018835,0.12915139469089987,17.568502329607348,5.948981658742136,1.4864240906046537,5.689345339221214,0.5776819788230257,0.1329380487486069,18.43643437786469,6.438828605176484,0.04456512263740907,0.023866248536320817,0.02732395710324173,0.021733454055497092
49,20260365,18.920332372142564,True,closed_transition_conflict,0.29006587105171233,0.37873442083619385,31.08951994308476,8.990648419616361,0.7447061005932946,33.88366526851948,5.524390617766022,0.9505266600380955,23.287319479686506,5.879447628526803,0.11992464735790395,15.497538094543874,7.034846746222215,1.0081686552278075,1.8544573555955244,0.5924214656925196,0.16216554092962682,17.133795608854726,4.437307869371919,0.036256826749083024,0.034936890364413595,0.019518601320515156,0.019904988694789585
50,20260366,19.81274881656732,True,closed_transition_conflict,0.2716867036739335,0.5111031301559155,31.686956614131233,8.744070928297528,0.8236988453203122,31.86527632488509,5.254119673156344,0.8599924164046434,21.035687996220133,5.0827606418989175,0.07494558276211702,19.912809147253803,6.7315052974260565,0.9123731122833746,4.361611069291862,0.5584335557747138,0.13780490126725506,20.449279623238166,4.325578166973656,0.02641034631492129,0.02960123319188305,0.023497270546587484,0.019412862396742333
51,20260367,18.80902465705648,True,closed_transition_conflict,0.35708542992850373,0.4021722783177468,32.6232503964782,8.937100914749589,0.7364021687012595,32.57560125439738,6.565258686537228,0.9231066279399099,20.074503449227077,4.733973511812539,0.11933979294392986,21.006738689902626,5.601771168091268,1.0039210028619356,4.723002174608889,0.7450635782308651,0.1937605925297073,14.341480033555971,4.049709503326515,0.044639839901618204,0.03323012857268942,0.021498530734675086,0.01818402711049074
52,20260368,20.538914712236114,False,open_valid_exit,0.39405213984659027,0.3994264810008128,29.45178842313782,8.438738370874484,0.1797028267158663,24.924596170389215,6.5686670696748966,0.164903411081562,17.252106996370813,6.335371816908088,0.006707367907348236,23.046797977001674,6.443796530110292,0.8532338483504834,5.7506446190185585,0.7991549990550135,0.09853703172619344,18.791384010123412,4.705653488580836,0.043206435174271994,0.03250152932484882,0.02263273063324666,0.01412149646693063
53,20260369,19.911887087366903,True,closed_transition_conflict,0.28365229698391514,0.3663544822184176,28.2619865328533,6.949791122132738,0.7230286476686978,31.815556405746946,8.245436051552547,0.8923198257399744,20.996641660225926,5.165382452063538,0.07027645036189074,17.591898004961514,7.115289785911067,1.1318427052501194,0.9684219479423702,0.6732066956514053,0.19428151955245504,20.34315055472083,7.502091528086197,0.02613276625325304,0.028535280065453455,0.012547347463070216,0.019419647280722062
54,20260370,20.32473580560544,True,partial_redirect_conflict,0.39218768219638234,0.38156525850815426,35.89228895671029,7.969112851159123,0.6065423620060617,27.798661940063546,6.6541879984663295,0.7149161142673905,23.98911141247865,4.554094385008608,0.16306283505088087,19.465318988651724,6.7197399254438075,1.3922633820060604,1.9425879305842286,0.6481864544263782,0.15418101998274486,19.639434293327774,5.510012143081915,0.037995391467803924,0.02013952506187103,0.012782367641960418,0.02406137716429733
55,20260371,19.03080572847429,False,open_valid_exit,0.3643795370124145,0.4067921508106176,27.18485160496118,7.5949461118206365,0.1527777243384062,25.277335511342443,6.190946537172943,0.19259852092992014,19.75972697973485,4.066795494788827,0.01515287385735943,21.901256201938807,5.439586459763868,1.0819135235329531,0.9736584099300462,0.7544022363310918,0.1043796127784545,22.751922328314897,6.214732238084919,0.02287700374876332,0.034835191184373115,0.02000838327411749,0.019778714401928035
56,20260372,20.009881202747223,True,partial_redirect_conflict,0.3552488403243765,0.4309605747015679,29.894788193579863,6.94085131276063,0.5908794057486442,28.51225809586118,6.6773251937417974,0.5946587641636272,16.501570270581446,4.764854330519522,0.18404069396989114,23.57910080235438,6.770537481257243,1.0759070576149048,3.9462733303269073,0.6687497090297946,0.24188114897792737,16.291007967869426,7.5809187827741855,0.04526424173089813,0.04805417440968751,0.021073377786288858,0.020203968314618483
57,20260373,18.188316383719304,True,closed_transition_conflict,0.3353293222683613,0.4785040715507381,34.399292879142806,6.595962599292073,0.6542368501021487,36.89838859929464,6.254558737290859,0.9517823355814049,17.943635429040032,5.33515561121531,0.07954155694846915,19.891813451817047,5.536115955449579,0.9614517663105769,2.9341246084890598,0.7629758396347494,0.15717120767041273,15.900083108792746,4.1749539955925545,0.04667171621692019,0.04435533455484261,0.021162301887167667,0.021615095318945406
58,20260374,18.466831389635107,True,closed_transition_conflict,0.37039049732595375,0.38295893207882686,28.949538396245703,6.517833832168945,0.7946008714758432,33.33522455265881,8.343816674877493,0.9336376522475991,18.351450793044243,5.524487383177734,0.12946215964033148,22.005833414274242,6.849196329106263,0.9466524621062775,2.0509472918448877,0.6446157816628204,0.12056994313463731,25.91622866068208,6.536306961858369,0.023869054197273955,0.031787543559853124,0.025029752500329558,0.016782857157544552
59,20260375,21.272880805005773,True,closed_transition_conflict,0.35763233216212587,0.3888111974173775,33.92032781247584,8.115899552650294,0.7249806737438793,37.348558885690004,6.860186402787065,0.9123381056733333,17.011107732233647,4.342500537515888,0.12424348287867347,19.359978424336905,5.979264522652716,1.3581903901867256,1.982455282672285,0.578030409665597,0.20534036488549012,15.735278478206,7.26386920886873,0.04777470648110452,0.02653696168341968,0.02557590110750011,0.015782981928866548
60,20260376,19.429922702526383,True,closed_transition_conflict,0.3228833722467125,0.4601391436296982,34.220844928168184,7.637198905201768,0.855924201703842,30.967372948984767,7.504293495754733,0.8705525825280249,17.634141613656737,6.035148537606616,0.08569291187954274,21.50915639489485,6.864296157972587,1.0854572404369134,5.331241493033738,0.794773652015287,0.18352150730210534,17.237048596376845,5.325164011024843,0.032433924302550245,0.02512158183979357,0.0285691738599132,0.0181138524844929
61,20260377,19.56381931298654,False,open_valid_exit,0.4091570699679473,0.39967202800322343,30.047026750073428,8.448702821930318,0.125480132830593,31.142046551927557,7.13036627538242,0.1498219590664757,15.58025143568544,4.689779315961122,0.03804677610283752,23.40884313617775,5.386472493946363,0.9593547212273291,4.795552334289895,0.7478323450390747,0.046089831964594305,18.914101841431588,4.537380847674418,0.03197501730539112,0.026043402912646365,0.021707673335141696,0.024380007814183306
62,20260378,18.63586721772203,False,open_valid_exit,0.3659845074167175,0.4882367037889983,31.519605806294813,6.88716849278235,0.13253043915197288,28.679268412123186,7.494475535600921,0.1710529563069727,19.610934556283315,4.627258769882019,0.004578225295321778,21.112944018389534,7.368204422978133,0.8433829362026167,5.659906883661333,0.8128800544279291,0.09819700710758078,16.94905037949294,6.076385164898587,0.02718173552558767,0.018794365170231277,0.02408319026002885,0.02476681551268904
63,20260379,19.874439271735554,True,partial_redirect_conflict,0.33036363367491856,0.33828124572727514,30.157043936441973,6.901098762484676,0.6407955154693186,31.46337857279621,6.2200549869800845,0.5762404874944049,16.12343123579358,4.819990939888822,0.14555642445426625,20.351850554335776,6.485124390870822,1.2901606275072905,0.16842460681410626,0.7064791680587003,0.276975245199667,14.312925795480949,6.522928781241108,0.036828355390127916,0.030242790508499623,0.014901034295720674,0.025450317041925914
64,20260380,21.655457844274224,True,closed_transition_conflict,0.3285642337928473,0.5139333457883347,31.796783262073397,7.820854340464571,0.8795977630685885,36.64350815922181,7.208521738785627,0.79104034888629,23.881396533717222,5.299306255366415,0.11095542773802894,18.032374224472814,7.812154844140439,0.9750830662257767,5.141660760883829,0.5891103909377016,0.2408079063019449,24.996851217546727,7.821492121274352,0.0355239406481484,0.033655503320666094,0.012328848111549887,0.030870649405162195
65,20260381,21.983354562113888,True,closed_transition_conflict,0.39364221446849923,0.5060209788884582,30.145153872729512,6.521976742523306,0.8311323518723314,32.31709756295832,7.557616131219596,0.9105666331909499,18.802511795829453,5.000797624831321,0.10920746148567342,15.743884100051886,6.334152394293932,1.3205107473972366,5.770179345327902,0.6371644319826868,0.14184234188007994,16.819227000910303,6.33972961729747,0.02082961794385106,0.0393763257690367,0.02410828767297861,0.021492500269273
66,20260382,18.253673920324317,True,closed_transition_conflict,0.31165713080890656,0.3898606588743559,30.0898857604402,6.360949412385436,0.8687705072174238,33.5669649751626,7.822580923201135,0.753632218255382,23.792738849673416,4.4979203094449085,0.08046858515049704,15.246855206834763,5.261652652413055,1.1447617378020842,2.8144119561191965,0.5502925540944066,0.10208016570384948,25.374835536293453,6.728682314732225,0.03629359459120533,0.04745973491914093,0.019954414571442567,0.0222019917251193
67,20260383,21.009015201266898,False,open_valid_exit,0.34375571378231473,0.3551359202063231,30.751959293034005,6.810910419038479,0.14386987470913037,24.67766954315395,6.474388411480927,0.16995227296441748,16.507473317515426,4.758255388403867,0.03622912078363999,19.454239595999873,7.181589776911768,0.8064957392769364,5.309906477175757,0.826402496456489,0.10054223597551284,19.064393543519305,6.664313342263842,0.044485721503601375,0.01983370800694663,0.010231198002143362,0.02045916294191181
68,20260384,18.2935708551957,True,closed_transition_conflict,0.2778340472181433,0.4544007236547619,28.61119310435813,7.194586413830125,0.867144055747994,33.06192161898419,8.358151860271132,0.8543247683660791,17.163952542321177,6.044104004899648,0.11108072267683686,23.17670172914807,5.814107027255476,1.4557190930126904,4.901448887579586,0.773961512075565,0.26640048530161975,19.304527083192035,4.719660048255664,0.03532227577768821,0.03568020460357946,0.022518190043091045,0.022469091411590005
69,20260385,18.156197747525756,True,partial_redirect_conflict,0.28299503770932377,0.46092773325804715,31.671271549931816,6.159686203667724,0.6703422150992517,32.29668311176723,5.665118425668183,0.6407121636805999,22.582994039440482,4.35919838772568,0.12109317603488984,17.659835358920702,7.9100743347807985,1.156107504434704,0.00522479052205105,0.7335251610311827,0.30004602944306213,22.97305186393123,5.461077481317075,0.020096650233960647,0.04974761424907099,0.012312394713154822,0.028703716051362706
70,20260386,18.32328346165985,True,closed_transition_conflict,0.3610114714409066,0.38789660739890713,31.344571299873266,6.794917432909954,0.795845673277932,31.50474312028366,7.955763767658756,0.9400850495841084,17.39833348852475,5.14595991117306,0.07950540958238203,16.226861134427164,6.5887466109986335,1.2490246396516098,0.07092005046323709,0.5672320743453007,0.24217384959907542,24.285702344947325,5.919239149215482,0.03191395418787827,0.04726328795029293,0.028941948882788827,0.019885524732932577
71,20260387,19.378168590292777,True,closed_transition_conflict,0.3791643725684262,0.49917514984592976,34.96680387869224,7.8358507961884065,0.607902214212448,33.299474020838176,5.631265458592735,0.7709155366550717,17.05249141113155,5.2435327104887,0.09431025229485943,22.939315295817064,7.3595813910570245,0.9745170816893827,4.40612797986119,0.7937047935397733,0.29353492578890067,14.408100255071552,5.034400070963681,0.03484884336975188,0.03938584383120699,0.026380830027982315,0.029885368723036494
72,20260388,18.670566547956884,False,open_valid_exit,0.4051069222544884,0.4603212977838924,30.554051249626987,7.911471727221935,0.1510176204389479,24.808889797956375,6.2054070391802245,0.21191796071863744,20.195757565513432,4.991669790711326,0.019598175187745728,23.673726253955234,6.791230497738647,1.1709000667505953,4.145250683229935,0.869323860395599,0.12310792179189159,18.99334845253903,6.159302529636452,0.037304483304529054,0.027616312832586896,0.01692771365878549,0.024471035475948005
73,20260389,18.371722138750968,True,closed_transition_conflict,0.33794207882344973,0.4372865059556888,32.19117982721258,8.728486033007588,0.5819856242743191,33.913991891148356,7.356383702101028,0.7699797109716707,21.102236857511873,5.218547059776471,0.09589074998116934,16.130966534284894,5.9137124257104325,0.9544834315607885,5.341043067951168,0.572017657783614,0.19228626284110706,18.389051626363738,6.840714387141917,0.04109712250019651,0.026308847844162694,0.028094159253072744,0.030831698934811504
74,20260390,19.853989057004945,True,closed_transition_conflict,0.3793436110171886,0.41999869901461184,30.480874398321703,7.724762987281499,0.5876247201711623,30.717829644036645,8.390382042633197,0.7712894192941665,21.108703007655695,6.224485611874568,0.08201236941055637,23.67827764701901,5.2959836841570205,1.3674348745698337,0.07954881737231273,0.6166989939583071,0.26319143337116513,18.183869696550143,7.199300658661579,0.038479517149181824,0.03747117601571341,0.026546986017056018,0.022823822870549387
75,20260391,21.24724937081202,True,closed_transition_conflict,0.27438166570317973,0.49142139992246964,34.82412797462466,6.154454835469693,0.6924119358779551,30.870242576685154,8.256368395499294,0.8541266172911299,18.61858092036477,4.475416900308726,0.06498115446858202,20.028540985279367,7.136703281795417,1.3249240487024303,5.656868512846101,0.5532657790444857,0.1046790489796776,16.8568751893463,5.522202623110655,0.04880820115683232,0.03100956040964973,0.02200646724471983,0.017982761174036733
76,20260392,20.752769415090796,True,closed_transition_conflict,0.3560338738005993,0.3990943411528708,33.64486143621545,8.692017969555575,0.6895254498871224,30.088060026232643,6.517753509733151,0.7701618749296281,19.781713257568384,5.478596222589389,0.09966610556872968,23.9820436914004,5.768937326271014,1.2763825223230783,0.5379293414922871,0.6315774566572038,0.10194019333834477,15.535166398459122,5.242739322573563,0.022857585545607507,0.03227873862173964,0.02788385198397324,0.028037727670536396
77,20260393,18.52250769525792,False,open_valid_exit,0.31633793812656186,0.4324523197272458,26.921786762596476,8.499707274522757,0.14010617624041966,27.224982182860053,7.580356467717534,0.20724182270998437,17.745202023506536,6.275899881836372,0.011409822876776646,21.370834353742747,6.795636379870154,0.8277823764438005,4.2191013402707185,0.6933832863108237,0.05401655533235909,19.05372853196186,4.848127673457037,0.03710082812081955,0.02243150914649497,0.013313902804805117,0.012491105788814447
78,20260394,18.62850500006872,True,closed_transition_conflict,0.29928378666156136,0.402167821234326,34.067483384106595,7.036280426414941,0.8331137804342286,34.19147042507882,5.5743749551159665,0.8021846642357982,17.52867318298911,5.956443245559021,0.10057870271183536,15.165126950031429,6.20983279501052,1.0633168848004797,5.383904811852941,0.5981395028062986,0.10279225851418508,17.898668373764043,7.298292370501056,0.020315625802181818,0.02727785019404751,0.021759618635259326,0.03263064766728904
79,20260395,21.05786874460988,True,closed_transition_conflict,0.2724740475365428,0.49254236588990097,35.66146868305346,7.657774331556581,0.5884473336395285,35.51068145906041,8.013674304745322,0.7725800084558144,19.645213356771798,4.895934304194608,0.0825243510923177,22.41373214743717,7.918007405175481,1.0536197192471901,5.39360529242051,0.623349075933784,0.12819982843761352,24.539636418852325,5.30171022825369,0.03532561296585267,0.045441901713472496,0.02812830926164074,0.03340885902767574
80,20260396,18.692995817258343,True,closed_transition_conflict,0.36191572233463315,0.43273858517857716,28.86910078997073,7.020640391761461,0.6356327496488231,30.742137174961957,6.633760907283778,0.8974319274361049,20.87174033162783,5.945897111787889,0.09508794348697816,15.214432932102719,6.28375606970229,1.140162691286245,5.84799968535067,0.5536701520578328,0.13291304160683992,16.12482728903337,4.4314356495733245,0.04786597638684056,0.020923500730823105,0.027136685234634667,0.029787638125157306
81,20260397,18.71053609848912,True,closed_transition_conflict,0.27278387921266245,0.3820254533725716,34.37265063992379,8.943584722482662,0.7249809323926224,33.884813820259645,7.612140953372662,0.9366805356641852,18.207707382079306,4.793647785231762,0.09414575469855269,19.197322030709042,6.2603264969605785,1.2994894717814982,1.9769372640624903,0.6833892841521155,0.16735218140781818,22.767600271463582,5.693900408469359,0.024293339139049634,0.03685055525654657,0.012602667170897787,0.02300157150211482
82,20260398,18.4583123608494,False,open_valid_exit,0.30813315078018316,0.35663100830782013,28.509607966427318,7.099881007418497,0.21886113309438276,25.56134242822842,6.640435526694851,0.1325355563546286,14.675845970945433,5.51865107827517,0.031052697029245763,16.304906095311086,6.089335212084595,1.1510151872104049,5.056875026220797,0.8285292630973361,0.12538390462617843,19.5319202766892,5.489646501495331,0.041189377647476766,0.023831633412609726,0.016132066183004997,0.025350041287264716
83,20260399,19.763039062595077,True,closed_transition_conflict,0.3145990972372577,0.48037194478645173,28.666912470520472,6.556792182938958,0.7705666802314218,32.47181595622187,5.851665057321943,0.9268950586017667,20.13231274021004,5.042827693898504,0.11825035124158934,23.22977183844904,6.102452490196571,1.2269407746492171,6.168362672591323,0.6672750081097027,0.27815755853262314,15.667361776083778,6.184597710562585,0.04069483174226531,0.04956709228112628,0.027961202013923107,0.020441367631425046
84,20260400,20.67084068491097,True,closed_transition_conflict,0.3325054487913937,0.4421372319287456,29.33745182988539,6.9403671523352735,0.7314207781230353,29.7769076519811,6.355881847129525,0.8515969908280919,19.55273791439001,5.168683214229594,0.0618451863692926,20.270340295762267,6.806588891051061,1.4865752142680886,5.939427723908539,0.759084572438407,0.2496900145928603,24.83898825316752,7.8196148398878265,0.03196465173197118,0.03546820461971144,0.026845580040581123,0.01669723279144669
85,20260401,19.946778141824716,False,open_valid_exit,0.29062417933063517,0.447163211926653,27.800169166748727,7.824805819621086,0.13914499937075778,28.319640817710653,5.5322494209024455,0.19763027473069655,15.998387953602458,4.230195713205063,0.020091205123977898,23.718182847812443,7.751754172087062,1.073447921548563,5.722967549514132,0.8497686684603526,0.08506926355044458,21.699384926041827,6.866800292763723,0.030887321054855837,0.023827379318451518,0.01812485155958251,0.01727671261099696
86,20260402,20.47666443482275,True,closed_transition_conflict,0.2958318589644765,0.38710755100551136,34.49517736627549,6.613004403482803,0.6916940280189289,36.859357133005226,7.836025136973541,0.8364434046785624,20.697786446085086,4.785282843723051,0.1194834154935994,19.157216901625684,7.705435932571275,0.9146465012174926,0.9983897719564884,0.6899510381112894,0.11235855939493265,17.06599837415325,7.084243483471613,0.021872756329848097,0.03186790386562195,0.029920333300926805,0.03438874632118233
87,20260403,21.608870707654805,False,open_valid_exit,0.31178805550987154,0.43360322863515044,26.544165444743808,7.901191930530752,0.2052836726965187,31.26906278535339,6.0251182358988515,0.10544616717352259,21.70575890081818,6.052606936383148,0.0026916161517303206,20.47493929223732,6.573862795230341,1.076995327119687,6.080532036733538,0.8688912541977775,0.12862747699200558,23.71428646290503,4.498346915110968,0.038403765160622924,0.026665958013588953,0.01943460191423128,0.015885584381566464
88,20260404,18.457611525979576,False,open_valid_exit,0.4073798157234876,0.41241586111710954,30.498472435009234,8.89102123392779,0.1622349877977765,31.353267347942708,6.570216692732316,0.1279986704127435,19.55663973471248,4.144973217157309,0.005323966870995758,22.060600874732806,5.619972653409486,0.886364329867353,1.4261941259729662,0.7890189429064962,0.07411884930345017,19.187343971380372,7.7877668698669265,0.028178813362879668,0.017527296651157643,0.01700310343387569,0.014373918646686135
89,20260405,18.226327076845223,True,closed_transition_conflict,0.2920086929090405,0.41015654737093643,28.219668425282247,8.51592031356746,0.8521568736259535,37.45396347699635,5.779457718265556,0.9322975871628765,21.9161327436991,5.798014496035691,0.1128789053845923,21.78749141387746,5.158049154561597,1.3573666565722553,0.42146815246865776,0.6822403967987303,0.20927804223101748,15.754677510328207,5.035784316160312,0.04961306337870583,0.024999715428848192,0.02981587075158715,0.032546886317782575
90,20260406,20.442288776513625,True,closed_transition_conflict,0.35432224722801087,0.3800262583258841,34.905703366635834,6.659811217580311,0.6741394120058827,31.853468805838126,7.672308419699814,0.9159306478233066,21.338024293006303,4.37825567081687,0.09564851064830124,20.423486862059878,6.0090403872903115,1.3769310621805653,0.2715282191441383,0.5595437445528901,0.22574499559598893,18.033293559433076,5.292358808857103,0.04710129141972921,0.0366804976366768,0.013723536878889223,0.030599750121078812
91,20260407,21.223376574774846,True,closed_transition_conflict,0.38208191314289486,0.36955887767320517,32.16046844652426,7.982811691790803,0.7360916204800922,30.53550752888236,5.21918321635367,0.8593881474080278,18.79200520978728,4.965291651933145,0.0760585503486932,15.917721978566728,7.580102058970448,1.1494716998737315,6.135344322391133,0.7845932869254043,0.2537310868987699,16.528832840775568,7.540249747750748,0.02824795977677711,0.029882823615342762,0.028344724556613403,0.028888547722739483
92,20260408,19.766768886649334,True,closed_transition_conflict,0.2619245607839506,0.3805194154855039,35.34010594680766,8.729465892000565,0.8790623834275566,36.60818004686804,6.05665736683934,0.7698895651552007,18.475285271057327,5.6845723321853825,0.12172576084924638,15.019610995745225,5.6039387612015625,0.9510065100614045,2.954165472099961,0.7503705790560496,0.2616151236829257,16.638663228099997,7.742036053531166,0.024576979546379128,0.032070035218585605,0.016564283527195356,0.03179840398778048
93,20260409,18.864540017503465,False,open_valid_exit,0.3549046332861092,0.4922428858694706,32.01820475648962,8.648600599136557,0.11665513009085635,29.35291507572412,7.5235989663527985,0.13077808650283804,21.8253215995337,6.470437860118006,0.006657268726740768,15.067679999989151,5.178002930828971,1.04334341657415,2.3490100436411017,0.8850208534638966,0.04720042418679042,22.91211142714993,5.19732491593699,0.030257410953809467,0.016084008581451526,0.024767146993728048,0.025049654384920766
94,20260410,21.727732524465083,False,open_valid_exit,0.3499043177426703,0.43675850883716716,30.879357480455035,6.625293547520347,0.2003868776718,29.54498385769071,5.336190213881983,0.10390520007343676,16.726497572301856,6.282775685798043,0.021025309977092694,16.934638143532204,5.184044303509576,1.0105748821713771,0.20273036438496994,0.8997343332191416,0.057031162931586124,20.379348818002313,6.8457420033747125,0.040278956912174896,0.02833975848185849,0.020140805907343573,0.012202861504057727
95,20260411,18.96296787938227,True,closed_transition_conflict,0.3470803428770355,0.42754517330199343,29.271456616268217,7.765888719315665,0.6279757993270692,29.128526805280828,7.418815345641099,0.7841178306800304,17.68496255773778,4.008929332532419,0.06587031810302794,15.307872396436546,7.982064089708256,1.2617659249067366,4.358850318407051,0.6117924010651761,0.13827565282995763,20.756213124494852,4.185922024540367,0.031870963924106495,0.049361955922583675,0.02867587640918108,0.018738680653373137
96,20260412,21.62416076477634,True,closed_transition_conflict,0.3242000990167121,0.4037477483905584,34.6895480609059,6.566455919981218,0.6114631748475283,30.44637131792085,6.310582405367582,0.8812012425602804,18.63885164220687,5.686941224133806,0.13245687496046182,15.153196800243508,7.94679135222542,0.9674231847855292,5.764925429835936,0.7703962298126404,0.136441903786001,20.33021257152141,6.288204170438851,0.04886268268198089,0.03847578732822775,0.02773955860766686,0.02090789479363067
97,20260413,19.670918728814087,True,closed_transition_conflict,0.35075204205248445,0.4979088930901112,29.622064466790757,6.886823993471403,0.6486268692377051,30.40734318103013,5.602804183936769,0.899649253776315,21.218518949879687,6.257169623834651,0.10395571310569655,18.95395994858101,7.7451061846947695,1.486642058840868,4.1021006682141925,0.5951009709757147,0.14218255599153662,15.749539127927772,4.440241198952462,0.04365869427793882,0.027353932443842988,0.025585632359819206,0.022460515967455113
98,20260414,21.237912349206514,True,closed_transition_conflict,0.30521018679417006,0.4502024693992949,35.12066311472537,7.947092097084288,0.7497917968264998,31.573140339333687,5.637228005530495,0.8593265559296238,18.27879230863062,5.6809500702522016,0.1236477340196356,17.71875129270018,5.198942756867776,1.005714460433435,4.207471582571382,0.7576564530700118,0.28769965787588536,17.371439110676693,4.2526824321948276,0.027457946965183857,0.02580790052926684,0.019795310570289243,0.030878261570803707
99,20260415,19.98642525403449,True,closed_transition_conflict,0.38907623018059045,0.4295626486052375,29.118069577303505,6.317215465836364,0.8635087722487922,28.199857893497988,7.102169234250333,0.7634964517948727,21.955040417530693,6.41626389004569,0.13949659441266365,23.692319128184906,6.712377798914677,0.926231371411147,5.88121493848687,0.6186011605846453,0.2547494351701107,14.111966389686984,6.504461040966656,0.031059231608792967,0.033615433729936375,0.02718512202073542,0.017121639536913025
