run_id,architecture,scenario_tag,exit_closed,CIR_event,DOC,Ttravel_s,Tdelay_s,LMS_m,exit_commit_ratio,hold_ratio,merge_back_ratio,unsafe_commit_ratio,first_exit_commit_distance_m,first_merge_back_distance_m,mean_z_exit_prior,mean_z_temp_ctrl,mean_z_boundary,mean_z_conflict,mean_b_exit,total_cost,unsafe_exit_commit_cost,late_mergeback_cost,unnecessary_reroute_cost,oscillation_cost,efficiency_cost
0,camera_only,closed_transition_conflict,True,0.0,3,4.5,0.2720320414962467,20.0,0.13333333333333333,0.3333333333333333,0.0,0.0,34.951971985246054,,0.5940228985873607,0.3014754814378335,0.31207261710424117,0.27339455726249984,0.43985261891865113,5.219476109734714,0.0,1.2000000000000002,0.0,0.30000000000000004,0.23895221946942563
0,multi_sensor_permissive,closed_transition_conflict,True,0.0,7,4.699999999999999,0.472032041496246,0.0,0.0,0.14893617021276595,0.3191489361702128,0.0,,23.383934010216024,0.5832027553730718,0.3135227938780636,0.328879223773768,0.28472695024012307,0.33823811345640153,0.9091036964723733,0.0,0.0,0.0,0.7000000000000001,0.4182073929447467
0,mitigation,closed_transition_conflict,True,0.0,3,4.799999999999999,0.5720320414962456,0.0,0.0,0.08333333333333333,0.3958333333333333,0.0,,27.079556111669252,0.5891546074313659,0.3148955873056322,0.33157249801831506,0.28137514723799667,0.24060740435994768,0.5485296352270691,0.0,0.0,0.0,0.30000000000000004,0.49705927045413817
1,camera_only,closed_transition_conflict,True,1.0,3,3.900000000000002,0.2240354497143775,25.0,0.07692307692307693,0.38461538461538464,0.0,0.02564102564102564,34.61380795440988,,0.6187525789103949,0.3939280258405628,0.2437611277712505,0.3020041594715804,0.4499183489759872,4.603957731903259,0.1,0.8,0.0,0.30000000000000004,0.20791546380651954
1,multi_sensor_permissive,closed_transition_conflict,True,0.0,5,4.100000000000001,0.4240354497143768,0.5767395977552354,0.0,0.1951219512195122,0.2926829268292683,0.0,,19.423260402244765,0.6114528668922645,0.41460704371998436,0.26061512830194633,0.3063905626658416,0.3524676539927671,0.674323029904177,0.0,0.0,0.0,0.5,0.3486460598083539
1,mitigation,closed_transition_conflict,True,0.0,5,4.100000000000001,0.4240354497143768,0.0,0.0,0.07317073170731707,0.43902439024390244,0.0,,31.401357724938016,0.6143596743017503,0.41414735926657636,0.2558524027989626,0.3087123278393616,0.2429613882370839,0.7057093097591148,0.0,0.0,0.0,0.5,0.4114186195182294
2,camera_only,partial_redirect_conflict,True,1.0,3,4.100000000000001,0.18905277615936944,25.0,0.24390243902439024,0.21951219512195122,0.0,0.0975609756097561,35.34246081400043,,0.6797657313157917,0.2617268725021998,0.1826816490637721,0.2779531539328238,0.5339374742356247,6.386086549498997,0.4,0.5,0.0,0.30000000000000004,0.17217309899799155
2,multi_sensor_permissive,partial_redirect_conflict,True,0.0,9,4.300000000000001,0.38905277615936873,0.0,0.0,0.13953488372093023,0.2558139534883721,0.0,,22.26809247293086,0.6735637462710805,0.2770097164136253,0.19710442943759832,0.288673101593437,0.42688534855844024,1.0580534519263403,0.0,0.0,0.0,0.9,0.3161069038526805
2,mitigation,partial_redirect_conflict,True,0.0,3,4.300000000000001,0.38905277615936873,0.0,0.0,0.046511627906976744,0.3488372093023256,0.0,,24.55977181455064,0.6744687685899947,0.2779769065459097,0.1907960536662239,0.2840990303579265,0.29620010205286196,0.4809115274237993,0.0,0.0,0.0,0.30000000000000004,0.3618230548475986
3,camera_only,closed_transition_conflict,True,1.0,5,4.5,0.3517559164356019,25.0,0.044444444444444446,0.4444444444444444,0.0,0.022222222222222223,35.96853145003623,,0.5382367944974691,0.40045159204151476,0.21202824183300054,0.2883420079037653,0.38418935839839186,4.841465662472475,0.1,0.8,0.0,0.5,0.28293132494494966
3,multi_sensor_permissive,closed_transition_conflict,True,0.0,3,4.6,0.45175591643560153,0.0,0.0,0.17391304347826086,0.32608695652173914,0.0,,22.63945541436934,0.5340574908674199,0.3995258278481781,0.2132614758177056,0.2890585720756451,0.30605710514699724,0.5122348214289746,0.0,0.0,0.0,0.30000000000000004,0.42446964285794914
3,mitigation,closed_transition_conflict,True,0.0,3,4.699999999999999,0.5517559164356012,0.0,0.0,0.0425531914893617,0.48936170212765956,0.0,,34.9644491698179,0.533217108948373,0.4030472457923999,0.21454758793535145,0.291340112197627,0.20690876437662015,0.5614148354322057,0.0,0.0,0.0,0.30000000000000004,0.5228296708644116
4,camera_only,closed_transition_conflict,True,1.0,3,4.200000000000001,0.26135993819776404,25.0,0.09523809523809523,0.38095238095238093,0.0,0.047619047619047616,35.656450916430906,,0.601670198010758,0.35438105427318445,0.24726791338792392,0.29716539186467655,0.44702193848282823,6.017602156370955,0.2,0.9,0.0,0.30000000000000004,0.2352043127419109
4,multi_sensor_permissive,closed_transition_conflict,True,0.0,3,4.4,0.46135993819776333,0.0,0.0,0.1590909090909091,0.3409090909090909,0.0,,23.302073506837434,0.5897800101881304,0.3735639134165262,0.2607255723893788,0.3018021059694467,0.3491076217304557,0.5008854573732889,0.0,0.0,0.0,0.30000000000000004,0.40177091474657756
4,mitigation,closed_transition_conflict,True,0.0,3,4.4,0.46135993819776333,0.0,0.0,0.06818181818181818,0.4318181818181818,0.0,,30.79641167252163,0.6024072276206597,0.36889967200386137,0.25531899164739813,0.3020252144567256,0.2528476559077972,0.5267572154808857,0.0,0.0,0.0,0.30000000000000004,0.4535144309617712
5,camera_only,closed_transition_conflict,True,0.0,3,4.100000000000001,0.27689084248557405,20.0,0.0975609756097561,0.36585365853658536,0.0,0.0,34.31642893069027,,0.6238521396366272,0.28510016274981226,0.22120096374582307,0.2577658834433616,0.4798969966890898,3.608874377041033,0.0,0.8,0.0,0.30000000000000004,0.21774875408206587
5,multi_sensor_permissive,closed_transition_conflict,True,0.0,5,4.200000000000001,0.3768908424855737,2.6037973505993754,0.0,0.16666666666666666,0.23809523809523808,0.0,,17.396202649400625,0.6220039612492707,0.2895469599783863,0.22057923574881644,0.259892168542412,0.38852724313820824,0.6543077315779462,0.0,0.0,0.0,0.5,0.30861546315589217
5,mitigation,closed_transition_conflict,True,0.0,3,4.200000000000001,0.3768908424855737,0.0,0.0,0.047619047619047616,0.35714285714285715,0.0,,25.259777173677595,0.6266691247789842,0.2803678755574029,0.21923511269685206,0.2515921557192148,0.289913459027861,0.47706059512212484,0.0,0.0,0.0,0.30000000000000004,0.3541211902442497
6,camera_only,closed_transition_conflict,True,0.0,3,4.000000000000002,0.3134373126224621,20.0,0.025,0.45,0.0,0.0,34.74428426152002,,0.532550536834662,0.32841838145507485,0.21104679370279097,0.2604976215796298,0.3930779394645411,3.218030780477298,0.0,0.7000000000000001,0.0,0.30000000000000004,0.23606156095459552
6,multi_sensor_permissive,closed_transition_conflict,True,0.0,5,4.000000000000002,0.3134373126224621,0.0,0.0,0.15,0.3,0.0,,23.145894153325745,0.5331780476395913,0.3202395502952706,0.2011287150049129,0.2587458557099487,0.3210112981242052,0.6557662435096318,0.0,0.0,0.0,0.5,0.3115324870192633
6,mitigation,closed_transition_conflict,True,0.0,3,4.100000000000001,0.41343731262246175,0.0,0.0,0.07317073170731707,0.4146341463414634,0.0,,29.471444779871728,0.5184649643306294,0.3219897770673498,0.20427275903013642,0.26006046579739045,0.21896301139363372,0.49652139595762323,0.0,0.0,0.0,0.30000000000000004,0.3930427919152465
7,camera_only,closed_transition_conflict,True,1.0,3,4.300000000000001,0.2628482792986153,25.0,0.046511627906976744,0.4186046511627907,0.0,0.023255813953488372,34.756895073711426,,0.5544409924270789,0.4108015101733436,0.18251337357178352,0.27536662206256024,0.4002685404357002,3.8251758819598116,0.1,0.6000000000000001,0.0,0.30000000000000004,0.2503517639196234
7,multi_sensor_permissive,closed_transition_conflict,True,0.0,5,4.5,0.4628482792986146,0.0,0.0,0.15555555555555556,0.3333333333333333,0.0,,22.740627691706532,0.5418620348888319,0.42240081123392564,0.19734164597804058,0.28106824553465465,0.31332421138303473,0.7010580805247845,0.0,0.0,0.0,0.5,0.4021161610495691
7,mitigation,closed_transition_conflict,True,0.0,3,4.6,0.5628482792986143,0.0,0.0,0.08695652173913043,0.43478260869565216,0.0,,30.175237743489493,0.5421098598095335,0.43313234745422435,0.20000242380891645,0.27262608244909886,0.2235234014644032,0.5475145185980583,0.0,0.0,0.0,0.30000000000000004,0.49502903719611685
8,camera_only,closed_transition_conflict,True,1.0,5,4.6,0.2765729857503745,25.0,0.17391304347826086,0.30434782608695654,0.0,0.06521739130434782,35.94660938824339,,0.6313055078920183,0.2898968979240998,0.1992073762951779,0.27610048254970676,0.4860213246940003,6.418131082084925,0.30000000000000004,0.7000000000000001,0.0,0.5,0.23626216416984974
8,multi_sensor_permissive,closed_transition_conflict,True,0.0,9,4.799999999999999,0.47657298575037377,0.0,0.0,0.16666666666666666,0.2708333333333333,0.0,,22.698122599022344,0.6276024495754265,0.2989204068496269,0.21044274795688112,0.2799943557305457,0.38788782683978235,1.102503889229073,0.0,0.0,0.0,0.9,0.40500777845814623
8,mitigation,closed_transition_conflict,True,0.0,3,4.799999999999999,0.47657298575037377,0.0,0.0,0.041666666666666664,0.4166666666666667,0.0,,29.72550300872816,0.6309953505395877,0.2962472357507295,0.20508725622444582,0.27731550470946126,0.266309447912596,0.5375536532144006,0.0,0.0,0.0,0.30000000000000004,0.47510730642880117
9,camera_only,closed_transition_conflict,True,1.0,3,3.900000000000002,0.1878227537994257,25.0,0.1794871794871795,0.28205128205128205,0.0,0.07692307692307693,35.05655523243028,,0.6779352630669856,0.3298644851786005,0.24166660633433978,0.282997453519593,0.5152205829679664,6.588407373422905,0.30000000000000004,0.8,0.0,0.30000000000000004,0.17681474684580892
9,multi_sensor_permissive,closed_transition_conflict,True,1.0,7,4.000000000000002,0.28782275379942535,0.448930876832609,0.025,0.15,0.25,0.025,23.395047885427626,19.55106912316739,0.678195736085956,0.3403456449691983,0.24114739327315723,0.2819009937811717,0.4177406065537831,1.8436571910983233,0.1,0.0,0.0,0.7000000000000001,0.2873143821966467
9,mitigation,closed_transition_conflict,True,0.0,3,4.100000000000001,0.387822753799425,0.0,0.0,0.04878048780487805,0.3902439024390244,0.0,,27.695312223268356,0.667642005819443,0.3477340859642917,0.2513335456688186,0.2848015057108496,0.29529114784080157,0.4814645465632289,0.0,0.0,0.0,0.30000000000000004,0.3629290931264577
10,camera_only,closed_transition_conflict,True,0.0,2,4.200000000000001,0.2799115716403522,20.0,0.0,0.4523809523809524,0.0,0.0,,,0.47730523159582333,0.33686982086113426,0.19926170408594976,0.24146056390999,0.3480009772822114,2.7251315104297387,0.0,0.6000000000000001,0.0,0.2,0.25026302085947594
10,multi_sensor_permissive,closed_transition_conflict,True,0.0,5,4.300000000000001,0.37991157164035183,0.0,0.0,0.18604651162790697,0.27906976744186046,0.0,,22.838382276657526,0.47868624190526227,0.34335352929329227,0.20362183595789157,0.23822519444134677,0.27985194686737974,0.6793452728398116,0.0,0.0,0.0,0.5,0.35869054567962316
10,mitigation,closed_transition_conflict,True,0.0,3,4.4,0.4799115716403515,0.0,0.0,0.06818181818181818,0.4318181818181818,0.0,,30.56264938244085,0.470731775969217,0.34860377875003246,0.20717229091930928,0.24679405532185197,0.18972400196682448,0.5248728262093153,0.0,0.0,0.0,0.30000000000000004,0.44974565241863057
11,camera_only,open_valid_exit,False,0.0,5,4.200000000000001,0.20435398290862006,,0.40476190476190477,0.0,0.0,0.0,34.334888961715,,0.5513870159274492,0.03976578409147627,0.027862400318724962,0.12336197456519879,0.4906638966364216,0.5664137579074309,0.0,0.0,0.0,0.5,0.1328275158148615
11,multi_sensor_permissive,open_valid_exit,False,0.0,7,4.200000000000001,0.20435398290862006,,0.23809523809523808,0.0,0.0,0.0,23.238981888411388,,0.556593154960129,0.03697062668460412,0.02675306955037377,0.12363390644731725,0.41713086869624016,0.7775820863511351,0.0,0.0,0.0,0.7000000000000001,0.1551641727022699
11,mitigation,open_valid_exit,False,0.0,3,4.300000000000001,0.3043539829086197,,0.11627906976744186,0.0,0.2558139534883721,0.0,27.465989728884484,18.17439941209805,0.5456172556503037,0.03810113452705197,0.02767275382374305,0.12366614753828589,0.32227354459863133,2.6434304986467754,0.0,0.0,1.1,0.30000000000000004,0.28686099729354986
12,camera_only,partial_redirect_conflict,True,0.0,5,4.5,0.2611908813339259,20.0,0.15555555555555556,0.3111111111111111,0.0,0.0,35.06718662998061,,0.5402520348887607,0.19245320188826195,0.1662569900059678,0.22749380384952456,0.43117280790360196,0.6135642180324586,0.0,0.0,0.0,0.5,0.2271284360649172
12,multi_sensor_permissive,partial_redirect_conflict,True,0.0,12,4.6,0.3611908813339255,0.0,0.0,0.17391304347826086,0.17391304347826086,0.0,,21.23356187410823,0.5363383776087801,0.21049297961454713,0.16842688638444137,0.23005537992066719,0.34459217690551874,1.3563320389751745,0.0,0.0,0.0,1.2000000000000002,0.31266407795034934
12,mitigation,partial_redirect_conflict,True,0.0,5,4.6,0.3611908813339255,0.08332601694696962,0.043478260869565216,0.021739130434782608,0.2826086956521739,0.0,26.913088776071834,19.91667398305303,0.5391559050700038,0.20349861482177384,0.1652863121709847,0.23009104619199636,0.2476684586437613,0.6689864349678422,0.0,0.0,0.0,0.5,0.3379728699356844
13,camera_only,closed_transition_conflict,True,1.0,3,4.100000000000001,0.2779484340606819,25.0,0.0975609756097561,0.36585365853658536,0.0,0.07317073170731707,34.30378792911031,,0.6160403812588486,0.41303168263360246,0.25623097649516685,0.2927395730279132,0.4433120404609979,7.409659613434605,0.30000000000000004,1.0,0.0,0.30000000000000004,0.21931922686920885
13,multi_sensor_permissive,closed_transition_conflict,True,0.0,3,4.200000000000001,0.37794843406068157,0.00034346083845804287,0.0,0.21428571428571427,0.2857142857142857,0.0,,19.999656539161542,0.6171475676410668,0.4176294828257312,0.2582341795963418,0.28787114441202105,0.3589316722885266,0.48586640148806703,0.0,0.0,0.0,0.30000000000000004,0.371732802976134
13,mitigation,closed_transition_conflict,True,0.0,7,4.300000000000001,0.4779484340606812,0.0,0.0,0.11627906976744186,0.4186046511627907,0.0,,29.577213639655394,0.6088002855151147,0.4212801477045511,0.26249811694941494,0.28851243172406377,0.25029831609022773,0.9292089336240181,0.0,0.0,0.0,0.7000000000000001,0.4584178672480366
14,camera_only,closed_transition_conflict,True,1.0,5,3.900000000000002,0.233318494105335,25.0,0.15384615384615385,0.3076923076923077,0.0,0.07692307692307693,34.498902409759054,,0.6237255190609898,0.3168467877310866,0.1950048785567434,0.2626480592136751,0.47589286355516347,5.99141964606278,0.30000000000000004,0.6000000000000001,0.0,0.5,0.18283929212555858
14,multi_sensor_permissive,closed_transition_conflict,True,0.0,3,4.000000000000002,0.33331849410533465,2.81776003071581,0.0,0.2,0.25,0.0,,17.18223996928419,0.6051872040612969,0.3206888861622648,0.1996428209263042,0.2550316805186936,0.3708829293056911,0.45397900101901856,0.0,0.0,0.0,0.30000000000000004,0.307958002038037
14,mitigation,closed_transition_conflict,True,0.0,3,4.100000000000001,0.4333184941053343,0.0,0.0,0.04878048780487805,0.4146341463414634,0.0,,29.110032571938344,0.6096139389933501,0.3254908856900546,0.20449945836218653,0.25833717874458895,0.26007790471392495,0.48805644321290553,0.0,0.0,0.0,0.30000000000000004,0.376112886425811
15,camera_only,closed_transition_conflict,True,1.0,5,3.900000000000002,0.2176377616486751,25.0,0.15384615384615385,0.3076923076923077,0.0,0.05128205128205128,34.69266133178092,,0.6329066777437463,0.33449176215013676,0.1886249912278628,0.27816569175894734,0.48122896439819074,4.991515038521545,0.2,0.6000000000000001,0.0,0.5,0.18303007704308838
15,multi_sensor_permissive,closed_transition_conflict,True,0.0,5,4.000000000000002,0.31763776164867474,0.0,0.0,0.125,0.3,0.0,,22.93414323122553,0.6284839544240389,0.3354613549741618,0.19502279497961916,0.2741217301885782,0.39175784778459827,0.6485492841661054,0.0,0.0,0.0,0.5,0.29709856833221077
15,mitigation,closed_transition_conflict,True,0.0,3,4.100000000000001,0.4176377616486744,0.0,0.0,0.04878048780487805,0.36585365853658536,0.0,,25.21667318117334,0.6218981918694213,0.3476655884785124,0.20811250458648267,0.2758749218773343,0.28411049838669356,0.47269857606224347,0.0,0.0,0.0,0.30000000000000004,0.34539715212448685
16,camera_only,open_valid_exit,False,0.0,3,4.300000000000001,0.17841370628712916,,0.4418604651162791,0.0,0.0,0.0,35.68374264499538,,0.5890473977302304,0.0672320169619947,0.03737839113371453,0.14491515458876636,0.516716624344393,0.3694639013564708,0.0,0.0,0.0,0.30000000000000004,0.13892780271294153
16,multi_sensor_permissive,open_valid_exit,False,0.0,5,4.300000000000001,0.17841370628712916,,0.23255813953488372,0.0,0.0,0.0,23.122064602100618,,0.5954262336255125,0.06697284265209277,0.03999958565043971,0.15152286746188237,0.43750845483886047,0.5811725143412341,0.0,0.0,0.0,0.5,0.1623450286824681
16,mitigation,open_valid_exit,False,0.0,3,4.5,0.37841370628712845,,0.1111111111111111,0.0,0.26666666666666666,0.0,27.236602659357608,18.233843323550765,0.5725010188145263,0.0712629781594507,0.0410810911020437,0.15033935793072933,0.32079875473649316,2.8571035472586126,0.0,0.0,1.2000000000000002,0.30000000000000004,0.31420709451722617
17,camera_only,closed_transition_conflict,True,0.0,3,4.4,0.2479251432867482,20.0,0.09090909090909091,0.36363636363636365,0.0,0.0,34.12856809837784,,0.5960579339966324,0.3250814585771552,0.2684355787561863,0.2808504346668434,0.44086403142512315,4.819266885964012,0.0,1.1,0.0,0.30000000000000004,0.2385337719280245
17,multi_sensor_permissive,closed_transition_conflict,True,0.0,5,4.6,0.4479251432867475,0.0,0.0,0.08695652173913043,0.34782608695652173,0.0,,23.881965232254316,0.5813167128651062,0.32888896469575896,0.28751662326231486,0.28202881714907885,0.3425284540440921,0.6900213821687222,0.0,0.0,0.0,0.5,0.38004276433744427
17,mitigation,closed_transition_conflict,True,0.0,3,4.6,0.4479251432867475,0.0,0.0,0.08695652173913043,0.3695652173913043,0.0,,26.10764151697372,0.5903221224489862,0.32104340848662316,0.27915367771348054,0.2877784528486692,0.2527193474742689,0.5234968247287044,0.0,0.0,0.0,0.30000000000000004,0.4469936494574087
18,camera_only,closed_transition_conflict,True,0.0,3,4.200000000000001,0.2766964454137786,20.0,0.09523809523809523,0.38095238095238093,0.0,0.0,35.48310843832746,,0.5397552457495736,0.34888757009533855,0.215317635943383,0.25797912792369704,0.3996153555901428,3.6164972684606775,0.0,0.8,0.0,0.30000000000000004,0.23299453692135283
18,multi_sensor_permissive,closed_transition_conflict,True,0.0,5,4.300000000000001,0.3766964454137782,0.8063599039980254,0.0,0.18604651162790697,0.2558139534883721,0.0,,19.193640096001975,0.5411037406702767,0.35442783631533953,0.21956926325486778,0.25833675320931254,0.32213987557267865,0.6723345427344617,0.0,0.0,0.0,0.5,0.3446690854689236
18,mitigation,closed_transition_conflict,True,0.0,3,4.4,0.47669644541377787,0.0,0.0,0.045454545454545456,0.4090909090909091,0.0,,28.586969935895844,0.5343678357566256,0.3634382510929139,0.22639528126750255,0.2621743521264767,0.2261585065882792,0.5088357044254501,0.0,0.0,0.0,0.30000000000000004,0.41767140885090015
19,camera_only,closed_transition_conflict,True,1.0,5,4.200000000000001,0.22055322865124216,25.0,0.14285714285714285,0.30952380952380953,0.0,0.047619047619047616,34.14899871161805,,0.681282999770653,0.3104412446608712,0.23928787258742237,0.2784194527512145,0.5213124341045589,6.203040994901506,0.2,0.9,0.0,0.5,0.20608198980300904
19,multi_sensor_permissive,closed_transition_conflict,True,0.0,5,4.300000000000001,0.3205532286512418,0.2943551423603097,0.0,0.13953488372093023,0.2558139534883721,0.0,,19.70564485763969,0.6741150736015924,0.3202643287830836,0.2477508508150323,0.2802719480235863,0.4143535985329581,1.0590055909596294,0.0,0.1,0.0,0.5,0.31801118191925815
19,mitigation,closed_transition_conflict,True,0.0,5,4.4,0.42055322865124145,0.0,0.0,0.045454545454545456,0.38636363636363635,0.0,,27.42123948916497,0.6665680105588709,0.32243970460272525,0.25543978565198927,0.2822613162465312,0.29772395853338657,0.6986552893191662,0.0,0.0,0.0,0.5,0.3973105786383326
20,camera_only,closed_transition_conflict,True,0.0,3,4.200000000000001,0.314567529575561,20.0,0.023809523809523808,0.4523809523809524,0.0,0.0,35.049204887104864,,0.4992625801302119,0.4144591171517191,0.23358251171727917,0.2741670274228853,0.3481316015215869,4.028997763140569,0.0,0.9,0.0,0.30000000000000004,0.25799552628113703
20,multi_sensor_permissive,closed_transition_conflict,True,0.0,3,4.300000000000001,0.41456752957556064,0.0,0.0,0.20930232558139536,0.3023255813953488,0.0,,20.986550325891773,0.4953354176817155,0.4005139977952305,0.23424649151859298,0.2724682229154719,0.28035476673807974,0.49611788448346916,0.0,0.0,0.0,0.30000000000000004,0.39223576896693846
20,mitigation,closed_transition_conflict,True,0.0,3,4.4,0.5145675295755603,0.0,0.0,0.09090909090909091,0.4772727272727273,0.0,,34.1289592704848,0.4918786891010647,0.4103597842048068,0.2358229688766589,0.27278002941293605,0.18057941389348076,0.5504015038582776,0.0,0.0,0.0,0.30000000000000004,0.5008030077165552
21,camera_only,closed_transition_conflict,True,0.0,3,4.5,0.25844478761014145,20.0,0.08888888888888889,0.37777777777777777,0.0,0.0,35.09627730795334,,0.5764195139699133,0.3215463983290189,0.26033833889275754,0.26810549776035786,0.4279417326060475,4.826859450905034,0.0,1.1,0.0,0.30000000000000004,0.25371890181006873
21,multi_sensor_permissive,closed_transition_conflict,True,0.0,5,4.699999999999999,0.45844478761014074,1.4551069169712463,0.0,0.1702127659574468,0.2765957446808511,0.0,,18.544893083028754,0.566351144201385,0.33699187879127,0.27816667832356884,0.27391094397496035,0.3387759042280083,0.6994224195983785,0.0,0.0,0.0,0.5,0.39884483919675673
21,mitigation,closed_transition_conflict,True,0.0,3,4.799999999999999,0.5584447876101404,0.0,0.0,0.08333333333333333,0.3958333333333333,0.0,,27.249834229040985,0.5571972698590054,0.33892330365893003,0.2813783029633497,0.272835617368252,0.24294312222624107,0.5472723181188054,0.0,0.0,0.0,0.30000000000000004,0.49454463623761047
22,camera_only,closed_transition_conflict,True,0.0,3,4.4,0.2913545623453384,20.0,0.022727272727272728,0.45454545454545453,0.0,0.0,35.54416128754512,,0.4927505563171646,0.3536832978024252,0.3112772818533395,0.2739406489150735,0.3551185774796483,5.238172793463555,0.0,1.2000000000000002,0.0,0.30000000000000004,0.27634558692710604
22,multi_sensor_permissive,closed_transition_conflict,True,0.0,3,4.5,0.39135456234533805,0.0,0.0,0.13333333333333333,0.3333333333333333,0.0,,23.55983994311155,0.4902227710794655,0.3555347603282858,0.32129502210441446,0.27439046137505557,0.28939990592595716,0.4953494454043741,0.0,0.0,0.0,0.30000000000000004,0.39069889080874814
22,mitigation,closed_transition_conflict,True,0.0,3,4.6,0.4913545623453377,0.0,0.0,0.08695652173913043,0.391304347826087,0.0,,27.37136530303879,0.49194060599933587,0.3638442978593963,0.32573353857464843,0.27715569955831465,0.20923014778766805,0.5326813791485114,0.0,0.0,0.0,0.30000000000000004,0.46536275829702306
23,camera_only,closed_transition_conflict,True,0.0,3,4.100000000000001,0.2731514663417629,20.0,0.04878048780487805,0.4146341463414634,0.0,0.0,34.36106828715248,,0.5303503058687833,0.2844461975925123,0.22746211152869178,0.23840302475269903,0.39954736016635917,3.615914745957615,0.0,0.8,0.0,0.30000000000000004,0.2318294919152296
23,multi_sensor_permissive,closed_transition_conflict,True,0.0,9,4.200000000000001,0.37315146634176255,0.0,0.0,0.16666666666666666,0.2619047619047619,0.0,,21.22236253515061,0.5304043638914555,0.29544724316768495,0.232476009854592,0.2464863121237991,0.32045820373945966,1.4587963683974996,0.0,0.1,0.0,0.9,0.31759273679499944
23,mitigation,closed_transition_conflict,True,0.0,3,4.300000000000001,0.4731514663417622,0.0,0.0,0.11627906976744186,0.3488372093023256,0.0,,23.697962658089505,0.5249911150751967,0.29680543319209335,0.23665671079478207,0.24510354001170218,0.22788355444871672,0.5033443957709531,0.0,0.0,0.0,0.30000000000000004,0.4066887915419062
24,camera_only,closed_transition_conflict,True,1.0,3,4.100000000000001,0.28176020726675555,25.0,0.12195121951219512,0.34146341463414637,0.0,0.04878048780487805,34.25816910833261,,0.5965068248766462,0.3574174392129778,0.22145895576782862,0.2568178037754207,0.4433517045910103,5.6053364109480155,0.2,0.8,0.0,0.30000000000000004,0.21067282189603
24,multi_sensor_permissive,closed_transition_conflict,True,0.0,5,4.200000000000001,0.3817602072667552,2.2741394170917317,0.0,0.19047619047619047,0.2619047619047619,0.0,,17.72586058290827,0.5979471971767176,0.36932846739215663,0.22211875637770206,0.262946225879294,0.35673951800224896,0.6696347062990359,0.0,0.0,0.0,0.5,0.3392694125980716
24,mitigation,closed_transition_conflict,True,0.0,3,4.300000000000001,0.48176020726675484,0.0,0.0,0.09302325581395349,0.3953488372093023,0.0,,27.37581805472111,0.5971684710120865,0.3710126224619591,0.23037073450118628,0.2659911071809474,0.2548062637204083,0.5131883439415088,0.0,0.0,0.0,0.30000000000000004,0.4263766878830175
25,camera_only,partial_redirect_conflict,True,0.0,5,4.200000000000001,0.2165381015936405,20.0,0.11904761904761904,0.3333333333333333,0.0,0.0,34.19521418965859,,0.5630172154990524,0.24286326597979913,0.17097051798893523,0.2330338168290746,0.44101563177276565,2.20569034867441,0.0,0.4,0.0,0.5,0.2113806973488196
25,multi_sensor_permissive,partial_redirect_conflict,True,0.0,13,4.300000000000001,0.31653810159364015,2.1708561149914125,0.0,0.2558139534883721,0.11627906976744186,0.0,,17.829143885008587,0.5656718855575225,0.24911194833193814,0.18089529652374575,0.2410899730433476,0.3569745191018288,2.2451209226777986,0.0,0.2,0.0,1.3,0.29024184535559694
25,mitigation,partial_redirect_conflict,True,0.0,3,4.4,0.4165381015936398,0.0,0.0,0.13636363636363635,0.29545454545454547,0.0,,20.34834383549358,0.5622281112704873,0.2558353005472155,0.18728646160061377,0.23950650894198874,0.23924236889573205,0.4965147340480302,0.0,0.0,0.0,0.30000000000000004,0.3930294680960604
26,camera_only,open_valid_exit,False,0.0,2,3.800000000000002,0.13635100420321944,,0.4473684210526316,0.0,0.0,0.0,34.46123981215061,,0.6378758251789438,0.033831228325212404,0.03603482017298127,0.13592696848035427,0.5650327560603299,0.2570932712288116,0.0,0.0,0.0,0.2,0.11418654245762327
26,multi_sensor_permissive,open_valid_exit,False,0.0,4,3.800000000000002,0.13635100420321944,,0.21052631578947367,0.0,0.0,0.0,22.34155338308318,,0.6378195497606518,0.036667761021785795,0.037365427349757424,0.14029087636133222,0.4763310557442021,0.4676657273358531,0.0,0.0,0.0,0.4,0.13533145467170607
26,mitigation,open_valid_exit,False,0.0,3,4.000000000000002,0.3363510042032192,,0.1,0.0,0.275,0.0,26.912269124504007,18.778823659772222,0.6353521086283164,0.03810635158943543,0.04416047173798369,0.14467692476064595,0.37548646162078503,2.633079887719371,0.0,0.0,1.1,0.30000000000000004,0.26615977543874186
27,camera_only,closed_transition_conflict,True,0.0,3,4.100000000000001,0.26393451529689704,20.0,0.07317073170731707,0.3902439024390244,0.0,0.0,34.470725382688165,,0.5540895844069339,0.2689227609538625,0.235830176975257,0.259906584759939,0.4184707317435225,3.6125533688461524,0.0,0.8,0.0,0.30000000000000004,0.225106737692304
27,multi_sensor_permissive,closed_transition_conflict,True,0.0,5,4.200000000000001,0.3639345152968967,0.0,0.0,0.09523809523809523,0.30952380952380953,0.0,,23.125390296216846,0.548854530198796,0.28844070731961646,0.2380590322722455,0.2620454793896636,0.3289959323569051,0.6555136821603496,0.0,0.0,0.0,0.5,0.31102736432069866
27,mitigation,closed_transition_conflict,True,0.0,3,4.300000000000001,0.46393451529689633,0.0,0.0,0.046511627906976744,0.3953488372093023,0.0,,27.41557482226637,0.5541746143664479,0.2884041353277324,0.2472631246822803,0.270997569329025,0.23166609127280094,0.49711545624080655,0.0,0.0,0.0,0.30000000000000004,0.39423091248161307
28,camera_only,closed_transition_conflict,True,0.0,3,4.5,0.34517464067494075,20.0,0.044444444444444446,0.4222222222222222,0.0,0.0,34.158935077093304,,0.5084619257569369,0.38516065734574706,0.24567336554706612,0.284725800064167,0.3587728600338705,4.435750699433856,0.0,1.0,0.0,0.30000000000000004,0.2715013988677132
28,multi_sensor_permissive,closed_transition_conflict,True,0.0,3,4.6,0.4451746406749404,0.0,0.0,0.17391304347826086,0.30434782608695654,0.0,,20.907678743752804,0.5057679353246235,0.3957166092789806,0.24554562285638742,0.281809626012443,0.28525951483142586,0.5045224267526857,0.0,0.0,0.0,0.30000000000000004,0.409044853505371
28,mitigation,closed_transition_conflict,True,0.0,5,4.699999999999999,0.54517464067494,0.0,0.0,0.0425531914893617,0.46808510638297873,0.0,,33.233267451985974,0.4985113446957846,0.39058401410417676,0.24749868433771213,0.2834447159448034,0.19103208684965944,0.7531884673779209,0.0,0.0,0.0,0.5,0.5063769347558414
29,camera_only,closed_transition_conflict,True,0.0,3,4.5,0.2715187236438643,20.0,0.08888888888888889,0.37777777777777777,0.0,0.0,34.95744060517915,,0.5729790023874656,0.3559581979355918,0.29946322355725774,0.28337629530973407,0.4117413658574491,5.228211758436574,0.0,1.2000000000000002,0.0,0.30000000000000004,0.25642351687314785
29,multi_sensor_permissive,closed_transition_conflict,True,0.0,3,4.699999999999999,0.4715187236438636,0.0,0.0,0.1276595744680851,0.3404255319148936,0.0,,23.368848136764612,0.5696467499031238,0.3742430632582038,0.3096948867336553,0.283899664239403,0.3233516428416754,0.5099984040664526,0.0,0.0,0.0,0.30000000000000004,0.41999680813290513
29,mitigation,closed_transition_conflict,True,0.0,3,4.699999999999999,0.4715187236438636,0.0,0.0,0.06382978723404255,0.3829787234042553,0.0,,26.96657043445597,0.5652483820663872,0.3669526786297217,0.3047382131777082,0.2819833237207755,0.23833843567029947,0.5289437163660988,0.0,0.0,0.0,0.30000000000000004,0.4578874327321978
30,camera_only,closed_transition_conflict,True,1.0,8,4.200000000000001,0.2690114533952932,25.0,0.11904761904761904,0.3333333333333333,0.0,0.023809523809523808,35.57013793543322,,0.6095167785729615,0.26310742118738223,0.20351108124811898,0.22980720704691068,0.47484252290562057,4.305990141121423,0.1,0.6000000000000001,0.0,0.8,0.21198028224284748
30,multi_sensor_permissive,closed_transition_conflict,True,0.0,5,4.300000000000001,0.36901145339529284,1.0430459062113613,0.0,0.18604651162790697,0.20930232558139536,0.0,,18.95695409378864,0.611769092779016,0.27229966723989885,0.20617935746620603,0.232267581218961,0.3857504071744836,0.656396382140165,0.0,0.0,0.0,0.5,0.3127927642803298
30,mitigation,closed_transition_conflict,True,0.0,3,4.300000000000001,0.36901145339529284,0.0,0.0,0.09302325581395349,0.3023255813953488,0.0,,21.21640513774792,0.6193899181530006,0.2519998119404136,0.2008937920796801,0.2336075565043882,0.28357137198598953,0.47954636393596833,0.0,0.0,0.0,0.30000000000000004,0.3590927278719369
31,camera_only,partial_redirect_conflict,True,0.0,4,4.5,0.325679592494045,20.0,0.022222222222222223,0.4222222222222222,0.0,0.0,34.37302352313792,,0.4476569902837919,0.27233135113466256,0.2264159651450461,0.22966896517164997,0.3291995120746606,4.131163090302021,0.0,0.9,0.0,0.4,0.2623261806040417
31,multi_sensor_permissive,partial_redirect_conflict,True,0.0,5,4.6,0.42567959249404463,2.66163124211932,0.0,0.1956521739130435,0.21739130434782608,0.0,,17.33836875788068,0.4555447810160703,0.27193881001225817,0.2346879530588852,0.23899136996635728,0.2672573179811541,0.6787475679327567,0.0,0.0,0.0,0.5,0.3574951358655132
31,mitigation,partial_redirect_conflict,True,0.0,3,4.6,0.42567959249404463,0.0,0.0,0.10869565217391304,0.32608695652173914,0.0,,22.92982937712481,0.45249106018328733,0.27318380178099894,0.23161750489584285,0.23008833653555447,0.1964625271059111,0.5126488453008585,0.0,0.0,0.0,0.30000000000000004,0.42529769060171696
32,camera_only,closed_transition_conflict,True,0.0,3,4.699999999999999,0.33482146794186907,20.0,0.1276595744680851,0.3404255319148936,0.0,0.0,34.53528015345868,,0.6260220626691229,0.29217704006195,0.25703921133262475,0.25743394718834484,0.4760039830167058,4.826602324977527,0.0,1.1,0.0,0.30000000000000004,0.2532046499550537
32,multi_sensor_permissive,closed_transition_conflict,True,0.0,7,4.799999999999999,0.4348214679418687,0.0,0.0,0.08333333333333333,0.3125,0.0,,22.965328616084477,0.6229095636124079,0.29912649562594057,0.2671690308571631,0.2647169746217698,0.38019500411965246,0.8865566698396599,0.0,0.0,0.0,0.7000000000000001,0.3731133396793196
32,mitigation,closed_transition_conflict,True,0.0,3,4.899999999999999,0.5348214679418684,0.0,0.0,0.08163265306122448,0.3469387755102041,0.0,,23.50021163675764,0.6169357579304626,0.3076443778496807,0.26867977635442075,0.2623758090089007,0.27856648078085394,0.5321384041825598,0.0,0.0,0.0,0.30000000000000004,0.4642768083651195
33,camera_only,closed_transition_conflict,True,1.0,7,4.6,0.3364472010591806,25.0,0.10869565217391304,0.3695652173913043,0.0,0.06521739130434782,35.32795581012269,,0.6666028605805845,0.4193031756370556,0.2614907953678382,0.3128584785222146,0.48492623056151235,7.832026451035301,0.30000000000000004,1.0,0.0,0.7000000000000001,0.2640529020705989
33,multi_sensor_permissive,closed_transition_conflict,True,0.0,5,4.799999999999999,0.5364472010591799,0.0,0.0,0.20833333333333334,0.3125,0.0,,22.63743806512587,0.6454027582734635,0.42473261162619175,0.2694573896299675,0.3094948419606629,0.3720083031384623,0.735541458554801,0.0,0.0,0.0,0.5,0.4710829171096019
33,mitigation,closed_transition_conflict,True,0.0,3,4.799999999999999,0.5364472010591799,0.0,0.0,0.08333333333333333,0.4375,0.0,,31.065430958144365,0.653901850908242,0.41287675922784506,0.26416458047903063,0.313147069394546,0.269371107952449,0.5667986883833551,0.0,0.0,0.0,0.30000000000000004,0.5335973767667103
34,camera_only,closed_transition_conflict,True,0.0,5,4.000000000000002,0.22668389805689015,20.0,0.1,0.375,0.0,0.0,35.78477166380799,,0.5948494396875242,0.34027839589704245,0.2429927856343858,0.2717902827571401,0.44106380143688584,4.207777122270617,0.0,0.9,0.0,0.5,0.21555424454123365
34,multi_sensor_permissive,closed_transition_conflict,True,0.0,7,4.100000000000001,0.3266838980568898,0.0,0.0,0.14634146341463414,0.2926829268292683,0.0,,22.533708456866087,0.5868660627669983,0.3427492898791123,0.24995855308593362,0.27340857362214505,0.3505452620425488,0.8605249313274603,0.0,0.0,0.0,0.7000000000000001,0.32104986265492086
34,mitigation,closed_transition_conflict,True,0.0,3,4.200000000000001,0.42668389805688944,0.0,0.0,0.14285714285714285,0.3333333333333333,0.0,,23.066624683724083,0.585953418636484,0.34190744266016526,0.2547189200605935,0.27817957833960855,0.25484363353335326,0.5009652553194994,0.0,0.0,0.0,0.30000000000000004,0.4019305106389987
35,camera_only,closed_transition_conflict,True,0.0,3,4.300000000000001,0.2892393738043362,20.0,0.046511627906976744,0.4186046511627907,0.0,0.0,34.459192176649104,,0.5425370383574218,0.33968121923028577,0.22546215486577362,0.2680529953965247,0.4012212447612063,4.0247376099191285,0.0,0.9,0.0,0.30000000000000004,0.24947521983825616
35,multi_sensor_permissive,closed_transition_conflict,True,0.0,7,4.4,0.3892393738043358,0.0,0.0,0.1590909090909091,0.29545454545454547,0.0,,22.175488306155412,0.5424230432710657,0.34379984591670687,0.23363206463534994,0.2711030447469741,0.3194520620177952,0.8818948448045639,0.0,0.0,0.0,0.7000000000000001,0.3637896896091275
35,mitigation,closed_transition_conflict,True,0.0,3,4.5,0.48923937380433546,0.0,0.0,0.06666666666666667,0.4222222222222222,0.0,,29.72883329355135,0.5381230167853643,0.3586766052983661,0.24018079691085778,0.2741502050807422,0.2234814048836059,0.5273578609710031,0.0,0.0,0.0,0.30000000000000004,0.45471572194200593
36,camera_only,closed_transition_conflict,True,0.0,3,4.300000000000001,0.2556854822290946,20.0,0.09302325581395349,0.37209302325581395,0.0,0.0,34.83702414823274,,0.6330630385661163,0.29741012409523154,0.252628511147779,0.2694675316243135,0.4797668496886615,4.417066891556834,0.0,1.0,0.0,0.30000000000000004,0.23413378311366634
36,multi_sensor_permissive,closed_transition_conflict,True,0.0,5,4.4,0.35568548222909424,0.0,0.0,0.13636363636363635,0.29545454545454547,0.0,,22.483824204429844,0.6319186875842498,0.29439931528482666,0.25995783249439675,0.2732009003747114,0.38522476748291384,0.6750491653089115,0.0,0.0,0.0,0.5,0.35009833061782286
36,mitigation,closed_transition_conflict,True,0.0,3,4.5,0.4556854822290939,0.0,0.0,0.06666666666666667,0.37777777777777777,0.0,,26.40990833735227,0.6205296170106572,0.30367777619905334,0.26538640698323473,0.2736778356206004,0.2692804227236843,0.5109229672946344,0.0,0.0,0.0,0.30000000000000004,0.4218459345892687
37,camera_only,partial_redirect_conflict,True,0.0,7,4.100000000000001,0.2804562053680768,20.0,0.12195121951219512,0.34146341463414637,0.0,0.0,34.2737854849312,,0.592479310056144,0.2747963168898048,0.16414626425505593,0.26706724244849955,0.4588324655280186,0.8044044092383683,0.0,0.0,0.0,0.7000000000000001,0.2088088184767366
37,multi_sensor_permissive,partial_redirect_conflict,True,0.0,12,4.200000000000001,0.38045620536807645,0.0,0.0,0.16666666666666666,0.23809523809523808,0.0,,22.937410409151134,0.5852009112700467,0.288471581640541,0.1672045402704729,0.26999639447362905,0.3634382499622236,1.3533944587511502,0.0,0.0,0.0,1.2000000000000002,0.3067889175023002
37,mitigation,partial_redirect_conflict,True,0.0,3,4.300000000000001,0.4804562053680761,0.0,0.0,0.11627906976744186,0.3488372093023256,0.0,,23.589369070355843,0.5844610594541988,0.2963882277806166,0.1652870997152895,0.2664395735946488,0.24232413086237353,0.5029472313941851,0.0,0.0,0.0,0.30000000000000004,0.4058944627883702
38,camera_only,closed_transition_conflict,True,0.0,3,4.4,0.32183279838516476,20.0,0.045454545454545456,0.4318181818181818,0.0,0.0,35.211919994179325,,0.5251781741725885,0.366619902077024,0.24208588342041804,0.28175815861643233,0.3798646758386781,4.034012565314722,0.0,0.9,0.0,0.30000000000000004,0.2680251306294447
38,multi_sensor_permissive,closed_transition_conflict,True,0.0,3,4.5,0.4218327983851644,0.0,0.0,0.1111111111111111,0.3333333333333333,0.0,,22.96490865521913,0.5210228936056797,0.3726295119599796,0.250615898715609,0.27535115076597405,0.3061405600844076,0.4869031507735706,0.0,0.0,0.0,0.30000000000000004,0.37380630154714123
38,mitigation,closed_transition_conflict,True,0.0,3,4.6,0.521832798385164,0.0,0.0,0.06521739130434782,0.41304347826086957,0.0,,28.70901476246141,0.5177703483736393,0.37806863271302366,0.25581283028413926,0.2795093601564882,0.22024077579028944,0.5322559467521154,0.0,0.0,0.0,0.30000000000000004,0.4645118935042305
39,camera_only,partial_redirect_conflict,True,0.0,5,4.6,0.3094950587873768,20.0,0.15217391304347827,0.32608695652173914,0.0,0.0,35.60857716054059,,0.5189457009388616,0.2495665669194828,0.161765673188343,0.23739773520997007,0.40223066808849817,0.6214766834084662,0.0,0.0,0.0,0.5,0.24295336681693258
39,multi_sensor_permissive,partial_redirect_conflict,True,0.0,12,4.699999999999999,0.40949505878737646,0.0,0.0,0.2127659574468085,0.1702127659574468,0.0,,23.699754218998272,0.5164327452643153,0.2552718559912405,0.16810147339296524,0.2450083362844706,0.32090778413577287,1.3746437883520102,0.0,0.0,0.0,1.2000000000000002,0.34928757670402033
39,mitigation,partial_redirect_conflict,True,0.0,3,4.799999999999999,0.5094950587873761,0.0,0.0,0.10416666666666667,0.3333333333333333,0.0,,22.728889817882703,0.5129752562015601,0.25839744105909707,0.16709861268406878,0.2511436361524208,0.2111480843681669,0.5287498976735989,0.0,0.0,0.0,0.30000000000000004,0.45749979534719787
40,camera_only,closed_transition_conflict,True,1.0,3,4.699999999999999,0.27059334262791523,25.0,0.0851063829787234,0.3829787234042553,0.0,0.06382978723404255,35.19453633595605,,0.6262935556385343,0.3640911786480855,0.21308549602617055,0.27756222796524604,0.46699428257455994,6.634820681550548,0.30000000000000004,0.8,0.0,0.30000000000000004,0.26964136310109255
40,multi_sensor_permissive,closed_transition_conflict,True,0.0,5,4.899999999999999,0.4705933426279145,0.0,0.0,0.1836734693877551,0.30612244897959184,0.0,,22.814741482932877,0.6266979949269701,0.38186974670256946,0.22097896711908752,0.28794790331038456,0.37089930520553593,0.7274102611956723,0.0,0.0,0.0,0.5,0.4548205223913444
40,mitigation,closed_transition_conflict,True,0.0,7,4.999999999999998,0.5705933426279142,0.0,0.0,0.06,0.46,0.0,,32.78441637482332,0.622717714642583,0.3899539209421553,0.2261232521037218,0.2832866298991537,0.2518233878161469,0.9784530217672863,0.0,0.0,0.0,0.7000000000000001,0.5569060435345725
41,camera_only,closed_transition_conflict,True,1.0,5,4.5,0.29225482281947635,25.0,0.13333333333333333,0.3333333333333333,0.0,0.06666666666666667,34.73546732984878,,0.6197871285643376,0.3397988550014057,0.2085139159399469,0.2925548683319405,0.46474055335019915,6.818599074453807,0.30000000000000004,0.8,0.0,0.5,0.23719814890761814
41,multi_sensor_permissive,closed_transition_conflict,True,0.0,7,4.699999999999999,0.49225482281947563,0.0,0.0,0.2127659574468085,0.2978723404255319,0.0,,23.460827943925562,0.6089777039110449,0.33750257712912496,0.21667781494501773,0.2944735276096757,0.36538443580276436,0.9222694424394959,0.0,0.0,0.0,0.7000000000000001,0.44453888487899196
41,mitigation,closed_transition_conflict,True,0.0,3,4.799999999999999,0.5922548228194753,0.0,0.0,0.0625,0.4583333333333333,0.0,,32.09125397645134,0.6124615049593619,0.3397660858409266,0.2188418912852892,0.30013304899203946,0.2496087555207358,0.5647796416137817,0.0,0.0,0.0,0.30000000000000004,0.5295592832275636
42,camera_only,closed_transition_conflict,True,1.0,5,4.5,0.3058250370469251,25.0,0.08888888888888889,0.37777777777777777,0.0,0.022222222222222223,34.58901435383681,,0.5434506861877639,0.3276504317194253,0.2346717420602429,0.2529097879805217,0.4056995520906648,5.225906263446852,0.1,0.9,0.0,0.5,0.25181252689370365
42,multi_sensor_permissive,closed_transition_conflict,True,0.0,7,4.6,0.40582503704692474,0.0,0.0,0.17391304347826086,0.2826086956521739,0.0,,21.271317139454073,0.5346331613195906,0.3272625806243439,0.2338543883384049,0.25293075093103473,0.32461219616475623,0.8946055789142054,0.0,0.0,0.0,0.7000000000000001,0.38921115782841054
42,mitigation,closed_transition_conflict,True,0.0,5,4.699999999999999,0.5058250370469244,0.0,0.0,0.0851063829787234,0.40425531914893614,0.0,,28.463802668566057,0.5278569733200914,0.33844776341921745,0.23911674695957796,0.25354683218760493,0.22709709357768046,0.7420599742381372,0.0,0.0,0.0,0.5,0.48411994847627415
43,camera_only,closed_transition_conflict,True,1.0,5,4.4,0.2441830064348025,25.0,0.09090909090909091,0.36363636363636365,0.0,0.022727272727272728,34.16987337626578,,0.596673581594125,0.34621933977204833,0.21184531048373356,0.2799305790580079,0.4475139870206703,4.419134697445187,0.1,0.7000000000000001,0.0,0.5,0.2382693948903731
43,multi_sensor_permissive,closed_transition_conflict,True,0.0,3,4.6,0.4441830064348018,0.0,0.0,0.13043478260869565,0.32608695652173914,0.0,,22.369457897982375,0.586943235802861,0.35939489194380886,0.2319075992204289,0.28388716691259425,0.35174070888682685,0.4974399469842836,0.0,0.0,0.0,0.30000000000000004,0.39487989396856743
43,mitigation,closed_transition_conflict,True,0.0,3,4.699999999999999,0.5441830064348014,0.0,0.0,0.10638297872340426,0.3617021276595745,0.0,,24.488195760155598,0.5900572221635638,0.3706532496707984,0.23194494730292106,0.2910062777031372,0.25537610114875203,0.5351881628107426,0.0,0.0,0.0,0.30000000000000004,0.4703763256214848
44,camera_only,open_valid_exit,False,0.0,5,3.800000000000002,0.1471896413514857,,0.2631578947368421,0.0,0.0,0.0,34.326116975376685,,0.5993743560983319,0.08124646991819266,0.06410082851741246,0.16762183443751544,0.5177924396500649,0.5490740523015062,0.0,0.0,0.0,0.5,0.09814810460301233
44,multi_sensor_permissive,open_valid_exit,False,0.0,3,3.800000000000002,0.1471896413514857,,0.05263157894736842,0.0,0.0,0.0,22.170468952178098,,0.5927778487924084,0.0786022709344559,0.06324470424703495,0.16373070896476918,0.4289121094593263,0.3514600124307923,0.0,0.0,0.0,0.30000000000000004,0.10292002486158446
44,mitigation,open_valid_exit,False,0.0,3,3.900000000000002,0.2471896413514858,,0.10256410256410256,0.0,0.2564102564102564,0.0,26.75474694418547,18.597167879430152,0.5766017539807654,0.07889896968341396,0.06684996582005258,0.16289123433968866,0.31233269825408727,2.42342817986247,0.0,0.0,1.0,0.30000000000000004,0.24685635972494002
45,camera_only,open_valid_exit,False,0.0,6,4.000000000000002,0.19259424622094778,,0.375,0.025,0.0,0.0,34.128009937032225,,0.6062751375687798,0.09688874328163849,0.04552816691012675,0.15354243555155217,0.5243757072760109,0.6612315655674372,0.0,0.0,0.0,0.6000000000000001,0.12246313113487467
45,multi_sensor_permissive,open_valid_exit,False,0.0,5,4.000000000000002,0.19259424622094778,,0.125,0.025,0.0,0.0,22.513279265254134,,0.61138887485826,0.0974167085901039,0.04598118953767838,0.15557551871422312,0.4430049716954093,0.5666920026827319,0.0,0.0,0.0,0.5,0.13338400536546385
45,mitigation,open_valid_exit,False,0.0,3,4.100000000000001,0.29259424622094743,,0.0975609756097561,0.0,0.2682926829268293,0.0,26.928965944412443,19.107849284649223,0.6055627512410042,0.10078923653669676,0.04797295804326109,0.1547493739969579,0.32896568710320834,2.6367923781923377,0.0,0.0,1.1,0.30000000000000004,0.2735847563846745
46,camera_only,open_valid_exit,False,0.0,6,3.800000000000002,0.14454571554644824,,0.13157894736842105,0.0,0.0,0.0,34.35915209182128,,0.5028094088837424,0.056038293040534655,0.054352058072366406,0.12093202771748852,0.44314256166050386,0.6347935447369475,0.0,0.0,0.0,0.6000000000000001,0.06958708947389476
46,multi_sensor_permissive,open_valid_exit,False,0.0,3,3.800000000000002,0.14454571554644824,,0.05263157894736842,0.0,0.0,0.0,22.21229603508838,,0.5060968387785377,0.05762847557722628,0.05363611865006386,0.11998886944092972,0.37235709274855383,0.35146001243079206,0.0,0.0,0.0,0.30000000000000004,0.10292002486158416
46,mitigation,open_valid_exit,False,0.0,3,4.000000000000002,0.344545715546448,,0.1,0.0,0.275,0.0,26.793258299435863,18.641579468172086,0.502983660544029,0.059183764060115183,0.06005409346540745,0.1199614406454405,0.2779785235793021,2.632954007107079,0.0,0.0,1.1,0.30000000000000004,0.26590801421415855
47,camera_only,closed_transition_conflict,True,1.0,3,3.800000000000002,0.1621877360249604,25.0,0.23684210526315788,0.21052631578947367,0.0,0.13157894736842105,34.137811155284695,,0.6373724888789414,0.29981259771955093,0.18859905810810443,0.2747780574969692,0.49166134568206177,7.77358580022754,0.5,0.6000000000000001,0.0,0.30000000000000004,0.14717160045507574
47,multi_sensor_permissive,closed_transition_conflict,True,0.0,7,4.000000000000002,0.3621877360249601,0.0,0.0,0.175,0.275,0.0,,22.377991356640123,0.6229176106736509,0.3139531000495296,0.20293079026916422,0.27626443991119487,0.38406176268021025,0.8546607081831976,0.0,0.0,0.0,0.7000000000000001,0.3093214163663951
47,mitigation,closed_transition_conflict,True,0.0,3,4.100000000000001,0.46218773602495977,0.0,0.0,0.0975609756097561,0.4146341463414634,0.0,,28.904991545953276,0.6250582992378115,0.3242047583922484,0.20616021354449118,0.28474755882613717,0.2563528362066603,0.5041522257082788,0.0,0.0,0.0,0.30000000000000004,0.4083044514165577
48,camera_only,partial_redirect_conflict,True,0.0,7,4.6,0.24408698884654267,20.0,0.15217391304347827,0.30434782608695654,0.0,0.0,34.48395866664968,,0.5908180613875652,0.23721849664538883,0.23169856949092632,0.2730475859682747,0.45570851418671404,4.81619158570938,0.0,1.0,0.0,0.7000000000000001,0.23238317141876197
48,multi_sensor_permissive,partial_redirect_conflict,True,0.0,11,4.699999999999999,0.3440869888465423,0.0,0.0,0.1276595744680851,0.23404255319148937,0.0,,22.705638304430476,0.5902206676832941,0.24170828680923165,0.2361804640786776,0.2767723623269986,0.3663063828786178,2.0666289227990826,0.0,0.2,0.0,1.1,0.3332578455981646
48,mitigation,partial_redirect_conflict,True,0.0,5,4.799999999999999,0.44408698884654196,0.0,0.0,0.10416666666666667,0.3125,0.0,,21.807599947669765,0.5885116598875203,0.24594073412453588,0.24165353911950535,0.27719211540654826,0.2399774045815307,0.7195939051786534,0.0,0.0,0.0,0.5,0.43918781035730653
49,camera_only,closed_transition_conflict,True,0.0,2,4.6,0.37174446904598923,20.0,0.0,0.4782608695652174,0.0,0.0,,,0.49109328962573107,0.3823179835601819,0.320818861298738,0.3002594710115922,0.33679943714284455,5.55308010575859,0.0,1.3,0.0,0.2,0.3061602115171781
49,multi_sensor_permissive,closed_transition_conflict,True,0.0,3,4.699999999999999,0.4717444690459889,0.0,0.0,0.1702127659574468,0.3404255319148936,0.0,,23.740102669906523,0.48925061812821286,0.3869935667676099,0.32091976773097103,0.2988313705390526,0.2670702058732673,0.5253503353631802,0.0,0.0,0.0,0.30000000000000004,0.4507006707263602
49,mitigation,closed_transition_conflict,True,0.0,3,4.799999999999999,0.5717444690459885,0.0,0.0,0.0625,0.4583333333333333,0.0,,32.32458029991715,0.4842768440105712,0.38243888350601835,0.33040215017149166,0.29795858830809996,0.18049168427595993,0.566637406210161,0.0,0.0,0.0,0.30000000000000004,0.5332748124203219
50,camera_only,closed_transition_conflict,True,0.0,3,4.300000000000001,0.26219581943599923,20.0,0.046511627906976744,0.4186046511627907,0.0,0.0,34.764205807145885,,0.5507300225529613,0.37641855227647253,0.24985338563675002,0.2822196094809995,0.40095951278493824,4.425592090249599,0.0,1.0,0.0,0.30000000000000004,0.2511841804991981
50,multi_sensor_permissive,closed_transition_conflict,True,0.0,3,4.5,0.4621958194359985,0.0,0.0,0.13333333333333333,0.3333333333333333,0.0,,22.560404655539617,0.542824480837684,0.39636434175527663,0.2676466563460766,0.2922630278580561,0.32099601255972193,0.49484793680666084,0.0,0.0,0.0,0.30000000000000004,0.38969587361332153
50,mitigation,closed_transition_conflict,True,0.0,3,4.5,0.4621958194359985,0.0,0.0,0.022222222222222223,0.4444444444444444,0.0,,31.79431336502805,0.5445422230760225,0.3921023834590832,0.26501537183976437,0.2911015821769845,0.23776106543346787,0.521095551388392,0.0,0.0,0.0,0.30000000000000004,0.4421911027767845
51,camera_only,closed_transition_conflict,True,1.0,5,4.5,0.24672257288009725,25.0,0.1111111111111111,0.35555555555555557,0.0,0.022222222222222223,35.220033890634355,,0.5805823989765426,0.34143156667553737,0.2570604085826955,0.2737406738779064,0.4269745390135226,5.623287895701821,0.1,1.0,0.0,0.5,0.24657579140363906
51,multi_sensor_permissive,closed_transition_conflict,True,0.0,3,4.699999999999999,0.44672257288009654,0.0,0.0,0.14893617021276595,0.3191489361702128,0.0,,22.090355421643782,0.5756976606269764,0.3620288559706189,0.26413415644617294,0.2785231562753981,0.3360327573684491,0.5086095986179581,0.0,0.0,0.0,0.30000000000000004,0.41721919723591605
51,mitigation,closed_transition_conflict,True,0.0,5,4.799999999999999,0.5467225728800962,0.0,0.0,0.0625,0.4375,0.0,,30.846220229193108,0.5786898690085923,0.3659764420245506,0.2735618845578911,0.2843398562863669,0.23407545515038933,0.7573352869498953,0.0,0.0,0.0,0.5,0.5146705738997903
52,camera_only,open_valid_exit,False,0.0,2,4.100000000000001,0.20495485662931578,,0.4634146341463415,0.0,0.0,0.0,35.160140004976185,,0.6457368789659641,0.07982703194140627,0.049684532462582434,0.15899389336413633,0.5601878054929954,0.26607535008342403,0.0,0.0,0.0,0.2,0.132150700166848
52,multi_sensor_permissive,open_valid_exit,False,0.0,2,4.100000000000001,0.20495485662931578,,0.3170731707317073,0.0,0.0,0.0,23.806743379114934,,0.6530965161295221,0.07049145504942396,0.048595567001468665,0.15847712321737298,0.47669071958461623,0.28135377025678343,0.0,0.0,0.0,0.2,0.16270754051356673
52,mitigation,open_valid_exit,False,0.0,3,4.200000000000001,0.30495485662931543,,0.09523809523809523,0.0,0.2619047619047619,0.0,26.18160184195908,18.54093804211241,0.6414634486237688,0.07572573964759678,0.05291893260752369,0.1600260899786109,0.35737292338908594,2.640247089573179,0.0,0.0,1.1,0.30000000000000004,0.28049417914635794
53,camera_only,closed_transition_conflict,True,0.0,3,4.300000000000001,0.28229943505676136,20.0,0.09302325581395349,0.37209302325581395,0.0,0.0,34.537856679316874,,0.5098277560838794,0.3279136662226877,0.25933096310217807,0.2699386260710806,0.36708398710762674,4.417268294630023,0.0,1.0,0.0,0.30000000000000004,0.23453658926004584
53,multi_sensor_permissive,closed_transition_conflict,True,0.0,5,4.4,0.382299435056761,0.0,0.0,0.11363636363636363,0.3181818181818182,0.0,,23.854292233825774,0.4978054951972137,0.33039939000912855,0.26188463601889106,0.26995235156152053,0.28664954104865675,0.6752918265123399,0.0,0.0,0.0,0.5,0.3505836530246796
53,mitigation,closed_transition_conflict,True,0.0,3,4.5,0.48229943505676065,0.0,0.0,0.08888888888888889,0.37777777777777777,0.0,,26.17281733637948,0.4972870800998899,0.3408398639914712,0.2675091102639791,0.2731367834812151,0.1984322804904274,0.5191211913336303,0.0,0.0,0.0,0.30000000000000004,0.4382423826672606
54,camera_only,partial_redirect_conflict,True,0.0,7,4.200000000000001,0.26390947635656525,20.0,0.16666666666666666,0.30952380952380953,0.0,0.0,35.627728108912564,,0.595901772782721,0.2539286916768007,0.23132171132143023,0.26090310241740083,0.4578866446991294,4.405205142412406,0.0,0.9,0.0,0.7000000000000001,0.21041028482481017
54,multi_sensor_permissive,partial_redirect_conflict,True,0.0,9,4.200000000000001,0.26390947635656525,0.0,0.0,0.09523809523809523,0.23809523809523808,0.0,,20.611666328301197,0.6011309934056338,0.25181637124149375,0.22498803888248234,0.2614451730210923,0.37551726839432636,1.4308868059905755,0.0,0.1,0.0,0.9,0.26177361198115107
54,mitigation,partial_redirect_conflict,True,0.0,3,4.300000000000001,0.3639094763565649,0.0,0.0,0.06976744186046512,0.3023255813953488,0.0,,21.171131751247092,0.6039786323367986,0.2598843562035146,0.2331654273935605,0.2624021110077652,0.2672626332183936,0.472653476161045,0.0,0.0,0.0,0.30000000000000004,0.34530695232208997
55,camera_only,open_valid_exit,False,0.0,2,4.4,0.196289387773934,,0.45454545454545453,0.0,0.0,0.0,34.69202411645061,,0.6289868475202747,0.0682767192206616,0.05403671584769616,0.1583858707907183,0.547776084347649,0.27135752156743936,0.0,0.0,0.0,0.2,0.14271504313487876
55,multi_sensor_permissive,open_valid_exit,False,0.0,7,4.4,0.196289387773934,,0.1590909090909091,0.0,0.0,0.0,22.41898969499818,,0.6257653154543781,0.06314593241723608,0.051773687618260976,0.15687455719343366,0.45866508651769977,0.7801388814132576,0.0,0.0,0.0,0.7000000000000001,0.16027776282651515
55,mitigation,open_valid_exit,False,0.0,3,4.6,0.3962893877739333,,0.08695652173913043,0.0,0.2826086956521739,0.0,26.469844350526934,19.394167510535766,0.6218553140851653,0.06923753668356807,0.05410333266367284,0.15597587534559185,0.34775332020379135,3.0659486987095397,0.0,0.0,1.3,0.30000000000000004,0.331897397419079
56,camera_only,partial_redirect_conflict,True,1.0,7,4.200000000000001,0.20197526464992155,25.0,0.16666666666666666,0.2857142857142857,0.0,0.023809523809523808,34.36205848681863,,0.6078849661485227,0.2277813865239147,0.14238769742633822,0.23665789238820548,0.4864767372949106,1.79821717623291,0.1,0.0,0.0,0.7000000000000001,0.19643435246582022
56,multi_sensor_permissive,partial_redirect_conflict,True,0.0,14,4.300000000000001,0.3019752646499212,0.28804036329765736,0.023255813953488372,0.18604651162790697,0.16279069767441862,0.0,23.364676480630294,19.711959636702343,0.601713244179818,0.25765240622253965,0.14873307019058082,0.24473785083902408,0.386818972783197,1.5421221534242062,0.0,0.0,0.0,1.4000000000000001,0.284244306848412
56,mitigation,partial_redirect_conflict,True,0.0,5,4.4,0.40197526464992084,0.0,0.0,0.11363636363636363,0.29545454545454547,0.0,,20.4140115135352,0.5927771824274894,0.25093680153592435,0.15111582038951388,0.2427918011400248,0.26940711783765714,0.6878806181716114,0.0,0.0,0.0,0.5,0.375761236343223
57,camera_only,closed_transition_conflict,True,0.0,3,4.699999999999999,0.30157200302445375,20.0,0.0425531914893617,0.425531914893617,0.0,0.0,34.878966035905115,,0.5773610199511179,0.3518280058841638,0.23953941494487,0.2722644300161004,0.4251933534252563,4.442938585308847,0.0,1.0,0.0,0.30000000000000004,0.2858771706176942
57,multi_sensor_permissive,closed_transition_conflict,True,0.0,3,4.899999999999999,0.501572003024453,1.914105547050685,0.0,0.24489795918367346,0.2653061224489796,0.0,,18.085894452949315,0.5648990674276673,0.3548815971653743,0.2534423214258455,0.2743329438203811,0.3331424100143257,0.5335125240058581,0.0,0.0,0.0,0.30000000000000004,0.46702504801171624
57,mitigation,closed_transition_conflict,True,0.0,3,4.999999999999998,0.6015720030244527,0.0,0.0,0.08,0.42,0.0,,29.074720239470917,0.5631893445918871,0.3614082455051071,0.25943053959199586,0.2745954982487209,0.2310098044179741,0.5695208845556259,0.0,0.0,0.0,0.30000000000000004,0.5390417691112518
58,camera_only,closed_transition_conflict,True,1.0,5,4.6,0.2679086784264646,25.0,0.10869565217391304,0.34782608695652173,0.0,0.06521739130434782,34.23367100485671,,0.592617124931786,0.3581642552821343,0.23930149307315088,0.2844916251383895,0.43466961290250955,7.224892604006652,0.30000000000000004,0.9,0.0,0.5,0.2497852080133034
58,multi_sensor_permissive,closed_transition_conflict,True,0.0,3,4.799999999999999,0.4679086784264639,0.0,0.0,0.1875,0.2916666666666667,0.0,,20.044546249443094,0.5842933533803059,0.3750537575832078,0.24873103702354338,0.2920052312142744,0.3372182965546216,0.5191001867303501,0.0,0.0,0.0,0.30000000000000004,0.43820037346070023
58,mitigation,closed_transition_conflict,True,0.0,3,4.899999999999999,0.5679086784264635,0.0,0.0,0.02040816326530612,0.4489795918367347,0.0,,31.512293167147394,0.5876600454638355,0.3891456457932475,0.25977130700008944,0.29829673807554036,0.2298818710879999,0.5513230681244645,0.0,0.0,0.0,0.30000000000000004,0.502646136248929
59,camera_only,closed_transition_conflict,True,0.0,3,4.000000000000002,0.23934338121356058,20.0,0.05,0.425,0.0,0.0,35.6359301195962,,0.5709243266705412,0.37164931673076734,0.22162879569271832,0.2878540415772346,0.41459872076263293,3.2154326045288104,0.0,0.7000000000000001,0.0,0.30000000000000004,0.23086520905762078
59,multi_sensor_permissive,closed_transition_conflict,True,0.0,5,4.200000000000001,0.43934338121355987,0.0,0.0,0.19047619047619047,0.30952380952380953,0.0,,22.608870753276857,0.5663731752947464,0.3941401374019019,0.24508163402426222,0.2941032861383944,0.31946113290869466,0.6854349172009674,0.0,0.0,0.0,0.5,0.37086983440193466
59,mitigation,closed_transition_conflict,True,0.0,3,4.200000000000001,0.43934338121355987,0.0,0.0,0.047619047619047616,0.4523809523809524,0.0,,32.39937381750137,0.5834988795863671,0.386085720320361,0.24232687129408836,0.30045458101209566,0.2202872188602092,0.5106337784597534,0.0,0.0,0.0,0.30000000000000004,0.421267556919507
60,camera_only,closed_transition_conflict,True,0.0,3,4.4,0.28263930717552643,20.0,0.06818181818181818,0.4090909090909091,0.0,0.0,35.63826136938701,,0.5661172430395012,0.36542940055240364,0.21503894139784993,0.2530323193541218,0.4178883494320855,3.628778320997451,0.0,0.8,0.0,0.30000000000000004,0.2575566419949022
60,multi_sensor_permissive,closed_transition_conflict,True,0.0,5,4.6,0.4826393071755257,0.0,0.0,0.15217391304347827,0.32608695652173914,0.0,,23.674629199024963,0.5598898893270747,0.3825283333773168,0.22577380099912267,0.2565875566594019,0.33314627922533696,0.7037118176496616,0.0,0.0,0.0,0.5,0.40742363529932285
60,mitigation,closed_transition_conflict,True,0.0,3,4.6,0.4826393071755257,0.0,0.0,0.043478260869565216,0.43478260869565216,0.0,,30.946728805746798,0.5557064854196794,0.37663716735114267,0.21850682603005148,0.2554101270200376,0.242063739676007,0.5314597264525522,0.0,0.0,0.0,0.30000000000000004,0.4629194529051044
61,camera_only,open_valid_exit,False,0.0,4,4.300000000000001,0.2108189091229402,,0.4418604651162791,0.0,0.0,0.0,35.332553182705105,,0.6590979074110074,0.06436122689827471,0.048818947872671076,0.15157645181597398,0.5756595885239035,0.4692924938229959,0.0,0.0,0.0,0.4,0.13858498764599175
61,multi_sensor_permissive,open_valid_exit,False,0.0,5,4.300000000000001,0.2108189091229402,,0.2558139534883721,0.0,0.0,0.0,22.67132862526579,,0.6618850455237527,0.06415539613970478,0.04517273441423557,0.1517817420257975,0.4867110523227936,0.5825561082962214,0.0,0.0,0.0,0.5,0.16511221659244282
61,mitigation,open_valid_exit,False,0.0,3,4.4,0.31081890912293986,,0.09090909090909091,0.0,0.2727272727272727,0.0,26.818472829660273,19.540938472820745,0.6572469155997983,0.06622606677312849,0.04505770626321219,0.1512952800104308,0.3766767852078777,2.8516072044441083,0.0,0.0,1.2000000000000002,0.30000000000000004,0.30321440888821605
62,camera_only,open_valid_exit,False,0.0,4,4.5,0.2072027255097142,,0.4222222222222222,0.0,0.0,0.0,35.6322819686904,,0.6509770660284098,0.05940120049006227,0.05565753353433378,0.14825371225645095,0.5695469814023761,0.47377669855900967,0.0,0.0,0.0,0.4,0.14755339711801937
62,multi_sensor_permissive,open_valid_exit,False,0.0,4,4.5,0.2072027255097142,,0.2222222222222222,0.0,0.0,0.0,23.61394479999631,,0.655760472931376,0.05742145399551316,0.0561513559701325,0.14561522085928333,0.4830035997474221,0.485048721811428,0.0,0.0,0.0,0.4,0.17009744362285584
62,mitigation,open_valid_exit,False,0.0,3,4.699999999999999,0.4072027255097135,,0.10638297872340426,0.0,0.2765957446808511,0.0,27.580733729262377,18.94116311839251,0.6444851215450005,0.05968799004433544,0.059623907744892166,0.1445246401904409,0.37018536467213425,3.070830821754237,0.0,0.0,1.3,0.30000000000000004,0.3416616435084733
63,camera_only,partial_redirect_conflict,True,1.0,7,4.300000000000001,0.2747292033656503,25.0,0.13953488372093023,0.32558139534883723,0.0,0.046511627906976744,34.623356258227105,,0.527316133707138,0.2809167892983835,0.1361970718982237,0.22747986479036914,0.40762591716394125,2.808054596749786,0.2,0.0,0.0,0.7000000000000001,0.21610919349957192
63,multi_sensor_permissive,partial_redirect_conflict,True,0.0,5,4.4,0.37472920336564997,1.40613311112973,0.0,0.1590909090909091,0.25,0.0,,18.59386688887027,0.5330438479055986,0.2914016473868289,0.13969872773963957,0.2259995764123227,0.33155545430294636,0.6647057802264404,0.0,0.0,0.0,0.5,0.329411560452881
63,mitigation,partial_redirect_conflict,True,0.0,3,4.5,0.4747292033656496,0.0,0.0,0.06666666666666667,0.35555555555555557,0.0,,24.279554921249776,0.5235942815231525,0.2950472772086106,0.14637017528534563,0.22664244714059834,0.22982948912450218,0.5005266707972567,0.0,0.0,0.0,0.30000000000000004,0.40105334159451317
64,camera_only,closed_transition_conflict,True,1.0,3,4.000000000000002,0.30578117649208547,25.0,0.05,0.425,0.0,0.025,34.83807511066154,,0.6149384085482774,0.44853333448280513,0.26530730261706575,0.31212642421846193,0.4332287377736382,5.415874310381965,0.1,1.0,0.0,0.30000000000000004,0.231748620763928
64,multi_sensor_permissive,closed_transition_conflict,True,0.0,3,4.100000000000001,0.4057811764920851,0.0,0.0,0.17073170731707318,0.34146341463414637,0.0,,23.628987670490684,0.6167115695361323,0.45090087552082075,0.2673285859503576,0.32407121093214497,0.35113323443042216,0.4839595854548515,0.0,0.0,0.0,0.30000000000000004,0.3679191709097029
64,mitigation,closed_transition_conflict,True,0.0,3,4.200000000000001,0.5057811764920848,0.0,0.0,0.023809523809523808,0.5,0.0,,35.596002985306235,0.6087665287311343,0.46181472960597136,0.27873443526779723,0.322707162076175,0.23760781686678414,0.5197570389937349,0.0,0.0,0.0,0.30000000000000004,0.4395140779874698
65,camera_only,closed_transition_conflict,True,1.0,5,3.900000000000002,0.26088296834042124,25.0,0.1282051282051282,0.3333333333333333,0.0,0.07692307692307693,34.15425456763609,,0.6910386285554977,0.37825209069249555,0.2370832048172248,0.31102167353999793,0.516032230971619,6.796172687021057,0.30000000000000004,0.8,0.0,0.5,0.19234537404211585
65,multi_sensor_permissive,closed_transition_conflict,True,0.0,5,4.000000000000002,0.3608829683404209,0.0,0.0,0.2,0.275,0.0,,20.67225736396121,0.6845477344233949,0.38745896178525785,0.2393376067130118,0.31644973494822476,0.4124592460486924,0.6636894522975201,0.0,0.0,0.0,0.5,0.3273789045950403
65,mitigation,closed_transition_conflict,True,0.0,3,4.100000000000001,0.46088296834042053,0.0,0.0,0.024390243902439025,0.4634146341463415,0.0,,32.83462820839606,0.6777703579545307,0.3983536001084067,0.2530530193437395,0.3221893731498619,0.28679781356013945,0.49876295284343614,0.0,0.0,0.0,0.30000000000000004,0.3975259056868723
66,camera_only,closed_transition_conflict,True,1.0,3,4.699999999999999,0.3173206364267829,25.0,0.0851063829787234,0.3829787234042553,0.0,0.0425531914893617,34.716829004266295,,0.5386377428202862,0.4231116861239304,0.2568128284887972,0.3005208715982669,0.37643638979719163,6.835732213290988,0.2,1.1,0.0,0.30000000000000004,0.27146442658197567
66,multi_sensor_permissive,closed_transition_conflict,True,0.0,3,4.899999999999999,0.5173206364267822,0.0,0.0,0.16326530612244897,0.3469387755102041,0.0,,23.930431426185184,0.522293714071634,0.43241425437044684,0.2626836427539492,0.3010602554331033,0.2921555430101921,0.5367324231205847,0.0,0.0,0.0,0.30000000000000004,0.473464846241169
66,mitigation,closed_transition_conflict,True,0.0,3,4.999999999999998,0.6173206364267818,0.0,0.0,0.04,0.48,0.0,,33.85961758183763,0.5312386815900553,0.4368916128683462,0.2654157537718316,0.30418526190562967,0.19965729178821104,0.5803728706840857,0.0,0.0,0.0,0.30000000000000004,0.5607457413681715
67,camera_only,open_valid_exit,False,0.0,7,4.000000000000002,0.19211089936401438,,0.3,0.0,0.0,0.0,34.133832607186825,,0.5549521231511761,0.057223522746088704,0.043539144338596916,0.13721186850470604,0.48726536462363823,0.7545060847509939,0.0,0.0,0.0,0.7000000000000001,0.10901216950198758
67,multi_sensor_permissive,open_valid_exit,False,0.0,6,4.000000000000002,0.19211089936401438,,0.075,0.0,0.0,0.0,22.52057622822972,,0.546615846326338,0.05644007569822553,0.042603631854611815,0.13592696272737542,0.4025443183413847,0.6594736083708521,0.0,0.0,0.0,0.6000000000000001,0.11894721674170426
67,mitigation,open_valid_exit,False,0.0,3,4.100000000000001,0.292110899364014,,0.0975609756097561,0.0,0.2682926829268293,0.0,26.93570241094992,19.115578509130877,0.5444009573200007,0.06144093671201164,0.04216114747118971,0.13793103827826864,0.3070086788004329,2.6368717900296765,0.0,0.0,1.1,0.30000000000000004,0.27374358005935234
68,camera_only,closed_transition_conflict,True,1.0,3,4.699999999999999,0.32687893833047976,25.0,0.0851063829787234,0.3829787234042553,0.0,0.0425531914893617,34.61785387564986,,0.5330496128386484,0.3973720293191986,0.22077936179992638,0.26242538657062575,0.3852137150103491,5.6348581417227575,0.2,0.8,0.0,0.30000000000000004,0.26971628344551485
68,multi_sensor_permissive,closed_transition_conflict,True,0.0,3,4.799999999999999,0.4268789383304794,0.0,0.0,0.16666666666666666,0.2916666666666667,0.0,,20.330377837497217,0.5283482027948693,0.40392863528291456,0.21895496670313327,0.26276670835826826,0.3092331260062758,0.508104865514534,0.0,0.0,0.0,0.30000000000000004,0.416209731029068
68,mitigation,closed_transition_conflict,True,0.0,5,4.999999999999998,0.6268789383304787,0.0,0.0,0.08,0.44,0.0,,30.540327493870883,0.5225020780954861,0.41110199635577566,0.2309505802613499,0.2653115648384933,0.21345069993989113,0.7773951727987773,0.0,0.0,0.0,0.5,0.5547903455975549
69,camera_only,partial_redirect_conflict,True,0.0,3,4.699999999999999,0.2937911058001088,20.0,0.06382978723404255,0.40425531914893614,0.0,0.0,34.9586449926593,,0.5463571864320848,0.30707196567835837,0.20033404442926933,0.24636808061002027,0.41167973261619434,3.238661296000568,0.0,0.7000000000000001,0.0,0.30000000000000004,0.2773225920011356
69,multi_sensor_permissive,partial_redirect_conflict,True,0.0,7,4.899999999999999,0.4937911058001081,0.0,0.0,0.16326530612244897,0.30612244897959184,0.0,,23.864101659312148,0.5387860352624794,0.31921961462690507,0.21312932336698276,0.25236347977070234,0.3252262468747383,1.31895785314207,0.0,0.1,0.0,0.7000000000000001,0.43791570628413967
69,mitigation,partial_redirect_conflict,True,0.0,7,4.999999999999998,0.5937911058001077,0.0,0.0,0.08,0.4,0.0,,27.50016566700565,0.535904145403657,0.31861006181584767,0.2146417697387263,0.2510072405223175,0.24378780304755657,0.9600008038835869,0.0,0.0,0.0,0.7000000000000001,0.5200016077671735
70,camera_only,closed_transition_conflict,True,1.0,3,4.699999999999999,0.33397028881891,25.0,0.10638297872340426,0.3617021276595745,0.0,0.02127659574468085,34.54414372584018,,0.571797465571339,0.3645806473225053,0.2400497665861755,0.2850651685912617,0.4165891301628607,5.431152211530681,0.1,1.0,0.0,0.30000000000000004,0.2623044230613622
70,multi_sensor_permissive,closed_transition_conflict,True,0.0,5,4.799999999999999,0.43397028881890964,0.0,0.0,0.125,0.3125,0.0,,23.18828036733489,0.5678362372987288,0.3651514210821308,0.2445458433267976,0.2870757112772697,0.3318104913739072,0.7015854211537009,0.0,0.0,0.0,0.5,0.4031708423074017
70,mitigation,closed_transition_conflict,True,0.0,5,4.899999999999999,0.5339702888189093,0.0,0.0,0.08163265306122448,0.3877551020408163,0.0,,26.97986067765945,0.5654449833452616,0.364620551254061,0.2514605582333532,0.28935401689907647,0.22854404527247651,0.749255481358575,0.0,0.0,0.0,0.5,0.49851096271715023
71,camera_only,closed_transition_conflict,True,1.0,5,4.4,0.2716428940516664,25.0,0.1590909090909091,0.3181818181818182,0.0,0.045454545454545456,35.75642459808921,,0.6470595797443258,0.29765457520855154,0.19922299068311536,0.253026905230777,0.5001296680702438,5.012222095553239,0.2,0.6000000000000001,0.0,0.5,0.22444419110647906
71,multi_sensor_permissive,closed_transition_conflict,True,0.0,7,4.5,0.37164289405166606,1.5104359092608988,0.0,0.17777777777777778,0.24444444444444444,0.0,,18.4895640907391,0.6428287950054271,0.3008550601843778,0.19712389883392933,0.2519628875098504,0.40274369255073383,0.8761934329746883,0.0,0.0,0.0,0.7000000000000001,0.35238686594937696
71,mitigation,closed_transition_conflict,True,0.0,3,4.6,0.4716428940516657,0.0,0.0,0.021739130434782608,0.391304347826087,0.0,,27.35369949928976,0.6325247082946375,0.3071945866148404,0.20947856237754223,0.2529883854486165,0.28389566183004245,0.50621837335284,0.0,0.0,0.0,0.30000000000000004,0.41243674670568
72,camera_only,open_valid_exit,False,0.0,2,4.5,0.21518090816829627,,0.4666666666666667,0.0,0.0,0.0,35.54967083598867,,0.6958414640897881,0.061338552969767465,0.06606034662054118,0.14068796545906173,0.6073166524377287,0.2751878313715096,0.0,0.0,0.0,0.2,0.15037566274301906
72,multi_sensor_permissive,open_valid_exit,False,0.0,7,4.5,0.21518090816829627,,0.24444444444444444,0.0,0.0,0.0,23.508955945591683,,0.6930088557677507,0.05589620128273236,0.0692803456093078,0.14477161799214805,0.5095340280779006,0.7882207958139162,0.0,0.0,0.0,0.7000000000000001,0.17644159162783224
72,mitigation,open_valid_exit,False,0.0,3,4.699999999999999,0.41518090816829556,,0.10638297872340426,0.0,0.2765957446808511,0.0,27.483130896523363,18.827473708613024,0.6812023230512206,0.05838181461046235,0.07038881792153448,0.14385053903735195,0.3904955170856022,3.0708945998810213,0.0,0.0,1.3,0.30000000000000004,0.3417891997620422
73,camera_only,closed_transition_conflict,True,0.0,3,4.699999999999999,0.3454817139184678,20.0,0.10638297872340426,0.3617021276595745,0.0,0.0,34.469380162243034,,0.578589398981532,0.2844632932925501,0.23102102199752447,0.27303675617299944,0.43742233942325803,4.432210331928914,0.0,1.0,0.0,0.30000000000000004,0.26442066385782786
73,multi_sensor_permissive,closed_transition_conflict,True,0.0,9,4.799999999999999,0.44548171391846747,0.0,0.0,0.1875,0.2708333333333333,0.0,,23.192705875720424,0.5771880756839437,0.28575006690705396,0.23117542714041708,0.27585820434014446,0.3510851507893153,1.5077803851672162,0.0,0.1,0.0,0.9,0.4155607703344322
73,mitigation,closed_transition_conflict,True,0.0,3,4.899999999999999,0.5454817139184671,0.0,0.0,0.02040816326530612,0.4489795918367347,0.0,,31.762182976212344,0.5847506035892489,0.2985789752833189,0.2366279376735225,0.2888275414613094,0.24466312639460452,0.5508574532812757,0.0,0.0,0.0,0.30000000000000004,0.5017149065625514
74,camera_only,closed_transition_conflict,True,0.0,5,4.300000000000001,0.2705830515820624,20.0,0.16279069767441862,0.3023255813953488,0.0,0.0,34.670047492912374,,0.6298578865381681,0.2751261393968935,0.22642347659278544,0.2602723910739651,0.4849034415690508,3.8049135767508346,0.0,0.8,0.0,0.5,0.20982715350166928
74,multi_sensor_permissive,closed_transition_conflict,True,0.0,7,4.4,0.37058305158206206,1.4697696428363827,0.045454545454545456,0.11363636363636363,0.25,0.0,23.89783272242447,18.530230357163617,0.6298174240904453,0.28026237642033963,0.23990400335206818,0.27316839048721586,0.3894583002659392,0.8562506274552698,0.0,0.0,0.0,0.7000000000000001,0.31250125491053965
74,mitigation,closed_transition_conflict,True,0.0,3,4.5,0.4705830515820617,0.832319414216002,0.0,0.13333333333333333,0.28888888888888886,0.0,,19.167680585783998,0.6278773149113342,0.28943231694192817,0.23526454152793078,0.2762478650708124,0.26266021611779566,0.5009706033437404,0.0,0.0,0.0,0.30000000000000004,0.4019412066874808
75,camera_only,closed_transition_conflict,True,0.0,4,4.000000000000002,0.23480674586055628,20.0,0.05,0.4,0.0,0.0,35.68938384540467,,0.5333035561708165,0.3035421689673047,0.22745595892714107,0.2660906658683647,0.3984090549767222,3.7081527367923317,0.0,0.8,0.0,0.4,0.21630547358466268
75,multi_sensor_permissive,closed_transition_conflict,True,0.0,5,4.100000000000001,0.3348067458605559,1.3609134008480517,0.0,0.17073170731707318,0.2682926829268293,0.0,,18.63908659915195,0.5207863647020436,0.31203190630310185,0.23449436796373074,0.2698512219790402,0.31570521617792396,0.6583432534300024,0.0,0.0,0.0,0.5,0.3166865068600049
75,mitigation,closed_transition_conflict,True,0.0,3,4.200000000000001,0.43480674586055557,0.0,0.0,0.11904761904761904,0.35714285714285715,0.0,,24.770848470833847,0.5283790298517247,0.31379144057737035,0.24260734829215663,0.2731603823546912,0.22567260042254828,0.49975226571979675,0.0,0.0,0.0,0.30000000000000004,0.3995045314395933
76,camera_only,closed_transition_conflict,True,0.0,3,4.100000000000001,0.24509281147670103,20.0,0.0975609756097561,0.36585365853658536,0.0,0.0,34.69325969169611,,0.5683798388650378,0.2918763993257413,0.21627297086742217,0.2576849107989138,0.43012792030314195,3.20890365572784,0.0,0.7000000000000001,0.0,0.30000000000000004,0.2178073114556797
76,multi_sensor_permissive,closed_transition_conflict,True,0.0,3,4.200000000000001,0.3450928114767007,1.8895458476028821,0.0,0.16666666666666666,0.2619047619047619,0.0,,18.110454152397118,0.5679945991959218,0.2994839946987738,0.2173312164868301,0.25638116374246245,0.3454624558636448,0.46189859196449917,0.0,0.0,0.0,0.30000000000000004,0.32379718392899837
76,mitigation,closed_transition_conflict,True,0.0,3,4.300000000000001,0.4450928114767003,0.0,0.0,0.046511627906976744,0.3953488372093023,0.0,,27.673061947060436,0.560731505834212,0.31434862248979706,0.23029831332785639,0.2639706956013732,0.2387901211562313,0.4973034842043205,0.0,0.0,0.0,0.30000000000000004,0.39460696840864107
77,camera_only,open_valid_exit,False,0.0,5,4.5,0.1809303947282812,,0.4222222222222222,0.0,0.0,0.0,35.902164945967044,,0.5931684358782578,0.061791298709759857,0.04795445431699066,0.1543255273338842,0.5191614420711999,0.573840785473072,0.0,0.0,0.0,0.5,0.14768157094614415
77,multi_sensor_permissive,open_valid_exit,False,0.0,6,4.5,0.1809303947282812,,0.24444444444444444,0.0,0.0,0.0,23.956933737212445,,0.5909362316091866,0.058720761768318495,0.04748481422381901,0.149483650759261,0.4348654302454813,0.6878595591091357,0.0,0.0,0.0,0.6000000000000001,0.1757191182182711
77,mitigation,open_valid_exit,False,0.0,3,4.699999999999999,0.3809303947282805,,0.10638297872340426,0.0,0.2765957446808511,0.0,27.83315732665471,19.242411818805774,0.586600878113529,0.06103082301755493,0.053262350531144385,0.14981832543211443,0.3300103143047249,3.0692607515641743,0.0,0.0,1.3,0.30000000000000004,0.33852150312834833
78,camera_only,closed_transition_conflict,True,0.0,3,4.6,0.3055061584542136,20.0,0.021739130434782608,0.45652173913043476,0.0,0.0,35.64980971736512,,0.5076502791747526,0.3945516354181046,0.2024961575735398,0.27330056116662993,0.36188906053217135,3.247505584298783,0.0,0.7000000000000001,0.0,0.30000000000000004,0.2950111685975657
78,multi_sensor_permissive,closed_transition_conflict,True,0.0,3,4.799999999999999,0.5055061584542129,0.0,0.0,0.16666666666666666,0.3333333333333333,0.0,,22.841259988199447,0.5022039423491313,0.40644103231936995,0.22100005126675448,0.2738875567835168,0.2873401582108683,0.52661222019764,0.0,0.0,0.0,0.30000000000000004,0.45322444039527987
78,mitigation,closed_transition_conflict,True,0.0,5,4.899999999999999,0.6055061584542125,0.0,0.0,0.061224489795918366,0.4489795918367347,0.0,,31.32000841298481,0.5006059141698581,0.40975094996021466,0.22008430360456013,0.2774902426437102,0.20444634245565324,0.7686895399375422,0.0,0.0,0.0,0.5,0.5373790798750842
79,camera_only,closed_transition_conflict,True,0.0,5,4.100000000000001,0.30094507330057674,20.0,0.07317073170731707,0.3902439024390244,0.0,0.0,34.02717721305073,,0.5323646024390433,0.29369841880096054,0.21821216235455504,0.2579865665926805,0.40058298640272527,3.811802670556769,0.0,0.8,0.0,0.5,0.2236053411135373
79,multi_sensor_permissive,closed_transition_conflict,True,0.0,5,4.100000000000001,0.30094507330057674,4.871389559709447,0.0,0.17073170731707318,0.21951219512195122,0.0,,15.128610440290553,0.5279951093466996,0.29406484512596165,0.21884700273711843,0.24728086762334964,0.32708176769858394,0.6403656900494662,0.0,0.0,0.0,0.5,0.2807313800989323
79,mitigation,closed_transition_conflict,True,0.0,3,4.200000000000001,0.4009450733005764,0.0,0.0,0.11904761904761904,0.35714285714285715,0.0,,25.26739434449766,0.5272786191760177,0.3002146533861271,0.2208686933672678,0.24906030310394547,0.23197241753095302,0.49958836536893747,0.0,0.0,0.0,0.30000000000000004,0.3991767307378751
80,camera_only,closed_transition_conflict,True,1.0,5,4.6,0.3203221579849789,25.0,0.17391304347826086,0.30434782608695654,0.0,0.043478260869565216,35.496271899175596,,0.6248485387656243,0.2815359308557827,0.2616821938024844,0.2964261259721533,0.47275044103435054,7.019363077112344,0.2,1.1,0.0,0.5,0.2387261542246895
80,multi_sensor_permissive,closed_transition_conflict,True,0.0,7,4.699999999999999,0.4203221579849785,0.0,0.0,0.14893617021276595,0.2978723404255319,0.0,,23.887641003683214,0.6235833979487528,0.2890184687604418,0.2651243228016778,0.29756547523353155,0.3784624677688356,0.9012842353508521,0.0,0.0,0.0,0.7000000000000001,0.4025684707017037
80,mitigation,closed_transition_conflict,True,0.0,3,4.799999999999999,0.5203221579849782,0.0,0.0,0.10416666666666667,0.3541666666666667,0.0,,24.343070385162513,0.6275010787833374,0.2945456741652766,0.27428551509251936,0.3059743730415295,0.26761266602289396,0.5400410756544297,0.0,0.0,0.0,0.30000000000000004,0.48008215130885934
81,camera_only,closed_transition_conflict,True,0.0,3,4.6,0.3243341623728231,20.0,0.021739130434782608,0.45652173913043476,0.0,0.0,35.45451251965519,,0.46525907301195646,0.3605449846223486,0.23486538061678439,0.25848551137323267,0.33092507414100053,4.446653273076111,0.0,1.0,0.0,0.30000000000000004,0.2933065461522212
81,multi_sensor_permissive,closed_transition_conflict,True,0.0,5,4.799999999999999,0.5243341623728224,0.0,0.0,0.1875,0.3125,0.0,,22.583145435877782,0.4624397026278418,0.36722909220666083,0.25299369898485974,0.26671570544232,0.2645403037035416,0.7257477931809311,0.0,0.0,0.0,0.5,0.4514955863618621
81,mitigation,closed_transition_conflict,True,0.0,3,4.799999999999999,0.5243341623728224,0.0,0.0,0.0625,0.4375,0.0,,31.08708165271679,0.464590822941612,0.3731995883962018,0.24214970107145115,0.2600334464931891,0.18565116006681445,0.5558089882313106,0.0,0.0,0.0,0.30000000000000004,0.5116179764626212
82,camera_only,open_valid_exit,False,0.0,6,4.5,0.16590929679561395,,0.2222222222222222,0.0,0.0,0.0,34.25478370502173,,0.5338179177992141,0.08403298633179301,0.03326205557605027,0.13708720163467422,0.4666059111853344,0.6578056804903363,0.0,0.0,0.0,0.6000000000000001,0.11561136098067251
82,multi_sensor_permissive,open_valid_exit,False,0.0,4,4.5,0.16590929679561395,,0.06666666666666667,0.0,0.0,0.0,22.392260990983015,,0.5300258557507516,0.08587083179901613,0.03358500753513173,0.14047041403522373,0.3877389171681939,0.46895053131224496,0.0,0.0,0.0,0.4,0.13790106262448995
82,mitigation,open_valid_exit,False,0.0,3,4.699999999999999,0.36590929679561324,,0.0851063829787234,0.0,0.2765957446808511,0.0,26.27057612174851,19.40803116219205,0.5286584354681516,0.08475328132012792,0.03520492470795137,0.13928699335238526,0.2918303818884827,3.0667193973911466,0.0,0.0,1.3,0.30000000000000004,0.33343879478229255
83,camera_only,closed_transition_conflict,True,1.0,3,4.300000000000001,0.2520395751575659,25.0,0.09302325581395349,0.37209302325581395,0.0,0.023255813953488372,34.87770142660207,,0.6081727300392717,0.3512611528164172,0.2633147645060586,0.28903908650350674,0.4473974885384242,5.418001288058603,0.1,1.0,0.0,0.30000000000000004,0.2360025761172047
83,multi_sensor_permissive,closed_transition_conflict,True,0.0,5,4.4,0.35203957515756557,0.0,0.0,0.11363636363636363,0.3181818181818182,0.0,,22.55866950900101,0.593915376074313,0.35448052286252296,0.26225114835310276,0.2842558191989639,0.3523372826598004,0.6756306339454198,0.0,0.0,0.0,0.5,0.35126126789083956
83,mitigation,closed_transition_conflict,True,0.0,5,4.5,0.4520395751575652,0.0,0.0,0.06666666666666667,0.4,0.0,,28.367829902409888,0.5988049604307142,0.3667221439229692,0.270510104648454,0.2915988549996512,0.2539399281839214,0.7201405190768673,0.0,0.0,0.0,0.5,0.44028103815373437
84,camera_only,closed_transition_conflict,True,1.0,3,4.100000000000001,0.22981391422568898,25.0,0.14634146341463414,0.3170731707317073,0.0,0.024390243902439025,34.87212370872442,,0.5892715793453065,0.3122417066033347,0.22920842827686216,0.26102370750965576,0.4445499145360781,4.6009978248602454,0.1,0.8,0.0,0.30000000000000004,0.2019956497204888
84,multi_sensor_permissive,closed_transition_conflict,True,0.0,9,4.200000000000001,0.3298139142256886,0.0,0.0,0.14285714285714285,0.2857142857142857,0.0,,23.76259798139777,0.5938184647661721,0.31860548067469846,0.23937289931904554,0.2662612747845997,0.3628316776232852,1.062678684912733,0.0,0.0,0.0,0.9,0.3253573698254661
84,mitigation,closed_transition_conflict,True,0.0,5,4.300000000000001,0.42981391422568826,0.0,0.0,0.06976744186046512,0.37209302325581395,0.0,,26.034389950578,0.5928757004029982,0.3222673822274043,0.24675190716803186,0.2686043643578569,0.2634804072053752,0.6968220240027647,0.0,0.0,0.0,0.5,0.39364404800552927
85,camera_only,open_valid_exit,False,0.0,4,4.200000000000001,0.18932722712472927,,0.23809523809523808,0.0,0.0,0.0,34.458194610553086,,0.5774353417628477,0.06395893257420789,0.052816291791393126,0.13506412533419646,0.5064645020399087,0.4541589313335848,0.0,0.0,0.0,0.4,0.10831786266716953
85,multi_sensor_permissive,open_valid_exit,False,0.0,3,4.200000000000001,0.18932722712472927,,0.11904761904761904,0.0,0.0,0.0,23.451647943587073,,0.5736419070607971,0.05842530810355052,0.049051551883700015,0.12890856663540853,0.42446845258934685,0.3665928517821723,0.0,0.0,0.0,0.30000000000000004,0.1331857035643446
85,mitigation,open_valid_exit,False,0.0,3,4.300000000000001,0.2893272271247289,,0.11627906976744186,0.0,0.2558139534883721,0.0,27.662818487398866,18.406040898162434,0.5797725810498954,0.06633722688098084,0.0505832332762383,0.1297889511437604,0.33105055827810953,2.6436655301580574,0.0,0.0,1.1,0.30000000000000004,0.2873310603161142
86,camera_only,closed_transition_conflict,True,0.0,4,4.200000000000001,0.2931136877961702,20.0,0.023809523809523808,0.4523809523809524,0.0,0.0,33.327665603562174,,0.49973740303959324,0.3660855730677014,0.26547874477411604,0.263029342371235,0.353712750687284,4.128114065832362,0.0,0.9,0.0,0.4,0.2562281316647237
86,multi_sensor_permissive,closed_transition_conflict,True,0.0,3,4.300000000000001,0.39311368779616984,0.0,0.0,0.20930232558139536,0.3023255813953488,0.0,,21.307181973977773,0.49939317700514146,0.35933644072213344,0.2650476455501081,0.26833042543039803,0.28200485021365146,0.4957746820921676,0.0,0.0,0.0,0.30000000000000004,0.39154936418433517
86,mitigation,closed_transition_conflict,True,0.0,3,4.4,0.4931136877961695,0.0,0.0,0.13636363636363635,0.4090909090909091,0.0,,28.88990506231513,0.4916596411525706,0.3629751417458865,0.26592143942157326,0.2706980134782073,0.19298187979982726,0.5410131688681598,0.0,0.0,0.0,0.30000000000000004,0.4820263377363192
87,camera_only,open_valid_exit,False,0.0,6,3.900000000000002,0.19781671229767417,,0.3333333333333333,0.0,0.0,0.0,34.93523143863876,,0.598537443808212,0.08916214017245874,0.03376831459527745,0.13826799084784716,0.5208840708168967,0.6541892309541524,0.0,0.0,0.0,0.6000000000000001,0.10837846190830472
87,multi_sensor_permissive,open_valid_exit,False,0.0,6,3.900000000000002,0.19781671229767417,,0.15384615384615385,0.0,0.0,0.0,22.941693149295435,,0.6034998059535523,0.09139970965679432,0.035762163045548835,0.13864028618222798,0.43976187503990516,0.6639119034947495,0.0,0.0,0.0,0.6000000000000001,0.12782380698949888
87,mitigation,open_valid_exit,False,0.0,3,4.000000000000002,0.2978167122976738,,0.1,0.0,0.275,0.0,27.46483445128144,19.41604621105199,0.603406150879696,0.09505275874283453,0.0355089273255456,0.13958957942469055,0.33620476597686677,2.6334451857498395,0.0,0.0,1.1,0.30000000000000004,0.26689037149967926
88,camera_only,open_valid_exit,False,0.0,2,4.5,0.16574473152185032,,0.4444444444444444,0.0,0.0,0.0,34.256520583349456,,0.661405578043185,0.07432607594997616,0.043371503332447284,0.15371007993555663,0.5765475988102237,0.27283922553132767,0.0,0.0,0.0,0.2,0.14567845106265517
88,multi_sensor_permissive,open_valid_exit,False,0.0,2,4.6,0.26574473152184996,,0.30434782608695654,0.0,0.0,0.0,22.39444827178524,,0.6560071702769854,0.07483054841440683,0.042816631981701776,0.15249290477319805,0.48106499878339176,0.2938556177245168,0.0,0.0,0.0,0.2,0.1877112354490336
88,mitigation,open_valid_exit,False,0.0,3,4.699999999999999,0.3657447315218496,,0.0851063829787234,0.0,0.2765957446808511,0.0,26.272616148650968,19.410331749795258,0.6555256186850854,0.07583748558962872,0.04245784656503852,0.15414381566916646,0.3732716569759233,3.066984621338411,0.0,0.0,1.3,0.30000000000000004,0.3339692426768213
89,camera_only,closed_transition_conflict,True,1.0,3,4.699999999999999,0.3107448493211651,25.0,0.0425531914893617,0.425531914893617,0.0,0.02127659574468085,34.78467023967258,,0.5391348964872322,0.4491301028622766,0.2872735317416692,0.30223871346725173,0.36823580953265034,6.244859062050458,0.1,1.2000000000000002,0.0,0.30000000000000004,0.28971812410091535
89,multi_sensor_permissive,closed_transition_conflict,True,0.0,3,4.899999999999999,0.5107448493211644,0.0,0.0,0.1836734693877551,0.32653061224489793,0.0,,22.494130001685193,0.5301447169621281,0.46013775577388405,0.2973486042481648,0.3059524509057647,0.2860489878260324,0.5377246143665653,0.0,0.0,0.0,0.30000000000000004,0.47544922873313067
89,mitigation,closed_transition_conflict,True,0.0,3,4.999999999999998,0.610744849321164,0.0,0.0,0.06,0.48,0.0,,34.017060733632505,0.5338306586440822,0.4666729113653683,0.29644049588491295,0.3115624338280265,0.1970371471116472,0.5905530814418259,0.0,0.0,0.0,0.30000000000000004,0.5811061628836518
90,camera_only,closed_transition_conflict,True,0.0,3,4.200000000000001,0.28654388583371926,20.0,0.09523809523809523,0.38095238095238093,0.0,0.0,35.37109046123872,,0.5488285087594237,0.3109719761688134,0.27284355141713634,0.2923016469114939,0.40359333041549755,4.818269339366318,0.0,1.1,0.0,0.30000000000000004,0.23653867873263518
90,multi_sensor_permissive,closed_transition_conflict,True,0.0,3,4.300000000000001,0.3865438858337189,0.0,0.0,0.13953488372093023,0.32558139534883723,0.0,,22.742660412550197,0.5397205124192264,0.3231790363322131,0.27396306071900733,0.29669014566835017,0.31737262772558233,0.4828474673351191,0.0,0.0,0.0,0.30000000000000004,0.36569493467023817
90,mitigation,closed_transition_conflict,True,0.0,3,4.4,0.48654388583371855,0.0,0.0,0.09090909090909091,0.38636363636363635,0.0,,26.73453017681239,0.5389692790623132,0.3340675205282441,0.28414266483399586,0.3045910962081856,0.2217441239906975,0.5188867135540821,0.0,0.0,0.0,0.30000000000000004,0.437773427108164
91,camera_only,closed_transition_conflict,True,1.0,5,4.000000000000002,0.23057152484000243,25.0,0.1,0.375,0.0,0.025,35.73916997457733,,0.577783993776923,0.3198388397975617,0.22603655389686078,0.26207845667341145,0.43164243825965887,4.807326142007072,0.1,0.8,0.0,0.5,0.2146522840141424
91,multi_sensor_permissive,closed_transition_conflict,True,0.0,3,4.100000000000001,0.3305715248400021,1.481847164440314,0.0,0.14634146341463414,0.2682926829268293,0.0,,18.518152835559686,0.5766297136844697,0.32622063528402606,0.22739450360574157,0.2621342376433749,0.34608760197510546,0.4519477169835677,0.0,0.0,0.0,0.30000000000000004,0.30389543396713536
91,mitigation,closed_transition_conflict,True,0.0,3,4.200000000000001,0.4305715248400017,0.0,0.0,0.023809523809523808,0.40476190476190477,0.0,,28.43195660501554,0.5761183583561468,0.33819146777529524,0.23722583021937418,0.27403979872847306,0.24518504680851105,0.4860359252468862,0.0,0.0,0.0,0.30000000000000004,0.37207185049377234
92,camera_only,closed_transition_conflict,True,0.0,2,4.4,0.3528033914519657,20.0,0.0,0.4772727272727273,0.0,0.0,,,0.45026399467001893,0.4541195389036025,0.20749991829470238,0.26027409277169616,0.3101645618425492,3.1406738066411415,0.0,0.7000000000000001,0.0,0.2,0.2813476132822818
92,multi_sensor_permissive,closed_transition_conflict,True,0.0,3,4.5,0.45280339145196535,0.0,0.0,0.17777777777777778,0.3333333333333333,0.0,,23.076807990921978,0.44791095108795387,0.4611005656041548,0.20926847440699312,0.2563895975055866,0.24988778223528313,0.507984311157485,0.0,0.0,0.0,0.30000000000000004,0.4159686223149698
92,mitigation,closed_transition_conflict,True,0.0,3,4.6,0.552803391451965,0.0,0.0,0.06521739130434782,0.5,0.0,,35.79685334400064,0.4480110900450034,0.4644754276394859,0.21082961588273758,0.26320798073193286,0.16947782761896518,0.5646437401285832,0.0,0.0,0.0,0.30000000000000004,0.529287480257166
93,camera_only,open_valid_exit,False,0.0,3,4.4,0.15923929627905142,,0.4090909090909091,0.0,0.0,0.0,35.087864572730155,,0.641786540735488,0.050015386059204636,0.04803671390252254,0.13648228775725935,0.5654527482265554,0.37045908406743955,0.0,0.0,0.0,0.30000000000000004,0.14091816813487898
93,multi_sensor_permissive,open_valid_exit,False,0.0,7,4.5,0.25923929627905107,,0.24444444444444444,0.0,0.0,0.0,22.92205550069108,,0.6475937184294037,0.05307935700155615,0.048445958675789415,0.1366007664256468,0.4794528430531253,0.7886529803296944,0.0,0.0,0.0,0.7000000000000001,0.17730596065938886
93,mitigation,open_valid_exit,False,0.0,3,4.6,0.3592392962790507,,0.08695652173913043,0.0,0.2826086956521739,0.0,26.9375192096172,19.92366016426837,0.643731699048702,0.05432608163149963,0.04489019169075186,0.14153647118880588,0.3763217654140164,2.8652047311666977,0.0,0.0,1.2000000000000002,0.30000000000000004,0.3304094623333965
94,camera_only,open_valid_exit,False,0.0,5,3.800000000000002,0.1180695495988262,,0.3157894736842105,0.0,0.0,0.0,34.68734804214828,,0.5865465437015493,0.07120841684368652,0.02454877363025191,0.13605770154644212,0.5152571189768982,0.5520808341236331,0.0,0.0,0.0,0.5,0.10416166824726605
94,multi_sensor_permissive,open_valid_exit,False,0.0,5,3.800000000000002,0.1180695495988262,,0.07894736842105263,0.0,0.0,0.0,22.627838061348104,,0.597116647125662,0.07539448108818043,0.024124397516174994,0.13878945132035472,0.4399425518932832,0.5560948452935571,0.0,0.0,0.0,0.5,0.11218969058711376
94,mitigation,open_valid_exit,False,0.0,3,4.000000000000002,0.31806954959882594,,0.1,0.0,0.275,0.0,27.175859367482335,19.08279793934326,0.5848140940706653,0.0780555085111149,0.027977560214707965,0.13695135264704383,0.33318199802437076,2.6330821585272064,0.0,0.0,1.1,0.30000000000000004,0.26616431705441235
95,camera_only,closed_transition_conflict,True,1.0,3,4.5,0.28125109377097957,25.0,0.2,0.26666666666666666,0.0,0.022222222222222223,34.85353044857899,,0.6082558036037163,0.26881591041780356,0.20407638046976367,0.25912024223043995,0.4703193190615837,4.606437650375718,0.1,0.8,0.0,0.30000000000000004,0.21287530075143543
95,multi_sensor_permissive,closed_transition_conflict,True,0.0,7,4.6,0.3812510937709792,0.0,0.0,0.15217391304347827,0.2826086956521739,0.0,,23.06898558957259,0.6061104632730581,0.27924518264926157,0.2051261767775408,0.26067547381342354,0.3779615196727151,0.887982929047118,0.0,0.0,0.0,0.7000000000000001,0.3759658580942355
95,mitigation,closed_transition_conflict,True,0.0,3,4.699999999999999,0.48125109377097885,0.0,0.0,0.1276595744680851,0.3191489361702128,0.0,,21.914619877465544,0.6043500372015687,0.2839862007925919,0.21324680422035863,0.2674217465286005,0.2627727034543185,0.5251736610789581,0.0,0.0,0.0,0.30000000000000004,0.4503473221579161
96,camera_only,closed_transition_conflict,True,0.0,3,4.000000000000002,0.30043445985139927,20.0,0.075,0.4,0.0,0.0,34.903344400449924,,0.5301000848601716,0.28046660914505245,0.24028944572815414,0.24243178366296086,0.398439585983439,3.610349716752485,0.0,0.8,0.0,0.30000000000000004,0.22069943350496946
96,multi_sensor_permissive,closed_transition_conflict,True,0.0,7,4.000000000000002,0.30043445985139927,1.0556992090021566,0.0,0.1,0.25,0.0,,18.944300790997843,0.5363898978516651,0.2740949503639926,0.2355355486171232,0.2436043741341975,0.3260808437828212,0.823903959894364,0.0,0.0,0.0,0.7000000000000001,0.24780791978872785
96,mitigation,closed_transition_conflict,True,0.0,4,4.000000000000002,0.30043445985139927,0.0,0.0,0.075,0.3,0.0,,21.433778213795296,0.5357838309494664,0.27604958764325893,0.21862719398215277,0.23832874023646675,0.24945196288955981,0.5500933856206818,0.0,0.0,0.0,0.4,0.3001867712413636
97,camera_only,closed_transition_conflict,True,1.0,5,4.300000000000001,0.23308268399200482,25.0,0.13953488372093023,0.32558139534883723,0.0,0.046511627906976744,35.08802743933627,,0.668638513389399,0.2898520014898436,0.2534050811182962,0.28809376355452204,0.5116337547346868,6.6095946281823394,0.2,1.0,0.0,0.5,0.21918925636467926
97,multi_sensor_permissive,closed_transition_conflict,True,0.0,3,4.4,0.33308268399200447,0.0,0.0,0.09090909090909091,0.29545454545454547,0.0,,20.788823045093753,0.6649280806259193,0.29742691901540197,0.2614884616673414,0.2946964003989178,0.4100930952396537,0.4602217276314371,0.0,0.0,0.0,0.30000000000000004,0.3204434552628743
97,mitigation,closed_transition_conflict,True,0.0,3,4.5,0.4330826839920041,0.0,0.0,0.08888888888888889,0.35555555555555557,0.0,,24.972484156858535,0.6635343096867171,0.2974273699318329,0.2653609469033101,0.2992486543900931,0.2977923496868318,0.5113807335663857,0.0,0.0,0.0,0.30000000000000004,0.4227614671327712
98,camera_only,closed_transition_conflict,True,0.0,3,4.000000000000002,0.23315141881217416,20.0,0.075,0.4,0.0,0.0,35.708855974392705,,0.5591145659885639,0.33988996797039633,0.21956486231082603,0.2594360711556801,0.4132595789714172,3.2110914221965965,0.0,0.7000000000000001,0.0,0.30000000000000004,0.22218284439319255
98,multi_sensor_permissive,closed_transition_conflict,True,0.0,3,4.100000000000001,0.3331514188121738,0.0,0.0,0.12195121951219512,0.3170731707317073,0.0,,22.34328082307186,0.548073213602136,0.34448850468611897,0.22180729128967933,0.25853044688206755,0.32467782855953325,0.4595225266865624,0.0,0.0,0.0,0.30000000000000004,0.31904505337312483
98,mitigation,closed_transition_conflict,True,0.0,3,4.200000000000001,0.43315141881217345,0.0,0.0,0.023809523809523808,0.40476190476190477,0.0,,28.396616017771503,0.5443593971079709,0.34735440577119364,0.23504040078144176,0.25923127415631403,0.23615714053680376,0.4853329585804802,0.0,0.0,0.0,0.30000000000000004,0.3706659171609603
99,camera_only,closed_transition_conflict,True,1.0,3,4.300000000000001,0.297283206818034,25.0,0.11627906976744186,0.3488372093023256,0.0,0.023255813953488372,34.36767367250113,,0.6431974791594194,0.3571330095939705,0.23968778873328728,0.3022081851661494,0.47851629285660735,4.6139982783412234,0.1,0.8,0.0,0.30000000000000004,0.22799655668244856
99,multi_sensor_permissive,closed_transition_conflict,True,0.0,9,4.4,0.39728320681803364,0.0,0.0,0.18181818181818182,0.2727272727272727,0.0,,22.06229020889727,0.6530343835848832,0.3636052671854755,0.24243186970613098,0.30436990434372313,0.39292732577587003,1.0828166634562162,0.0,0.0,0.0,0.9,0.36563332691243233
99,mitigation,closed_transition_conflict,True,0.0,3,4.4,0.39728320681803364,0.0,0.0,0.022727272727272728,0.38636363636363635,0.0,,27.5890945030559,0.6499321125452283,0.35583383994750517,0.24106583143459648,0.30102273653415523,0.2848247466709863,0.49234480920480994,0.0,0.0,0.0,0.30000000000000004,0.38468961840962
