seed,scenario,mode,pbs,false_brake_frames,ghost_track_persistence_s,peak_jerk,min_accel,travel_time_s,avg_speed,speed_efficiency_ratio,reached_goal,min_ttc_virtual,cfg_total_time_s,cfg_x_goal,cfg_ghost_world_x,cfg_visible_back_margin,cfg_visible_front_margin,cfg_reflection_strength,cfg_noise_scale,cfg_init_speed,cfg_slope,evr,barrier_collision,crossed_door,stop_time_ratio,min_stop_margin_m,unknown_at_ref,risk_at_ref,final_progress_m,cfg_x_goal_margin_after_door,cfg_cell_size_m,cfg_door_col,cfg_door_half_height_cells,cfg_transparency,cfg_depth_void_span_m
0,A1,camera_only,1.601969754944725,0,14.9,6.972679981460215,-2.396342980798997,14.910885061964363,2.4203416646890203,0.30254270808612754,0,0.6938252785369059,14.910885061964363,60.6978671376387,36.57362933510672,4.099165813171174,37.75924287040327,0.9573164500922077,1.215640409402103,8.823741402459996,0.004362499146542287,,,,,,,,,,,,,,
0,A2,camera_only,,,,2.589984839968511,,5.9,4.482853341230987,,0,,22.142898330832725,,,,,,1.3702071294654525,2.526966861807677,0.04358147068198639,1.0,1,1,0.0,0.0,2.376377675684196e-36,0.0,26.78458517999543,9.76341421648613,0.6803833900238208,39.0,4.0,0.7287322495794207,7.707306101245458
0,A1,multimodal_permissive,1.535260417039561,0,14.8,6.846694230854255,-2.396342980798997,14.910885061964363,2.4220119718043267,0.30275149647554084,0,0.44541476562947935,14.910885061964363,60.6978671376387,36.57362933510672,4.099165813171174,37.75924287040327,0.9573164500922077,1.215640409402103,8.823741402459996,0.004362499146542287,,,,,,,,,,,,,,
0,A2,multimodal_permissive,,,,2.589984839968511,,5.9,4.482853341230987,,0,,22.142898330832725,,,,,,1.3702071294654525,2.526966861807677,0.04358147068198639,0.9264508494796166,1,1,0.0,0.0,1.3418216117901863e-31,0.0,26.78458517999543,9.76341421648613,0.6803833900238208,39.0,4.0,0.7287322495794207,7.707306101245458
0,A1,mitigation,1.26973289803616,0,0.0,22.782869455017494,-2.396342980798997,7.6000000000000005,7.942930897081237,0.9928663621351547,1,0.027521808347792547,14.910885061964363,60.6978671376387,36.57362933510672,4.099165813171174,37.75924287040327,0.9573164500922077,1.215640409402103,8.823741402459996,0.004362499146542287,,,,,,,,,,,,,,
0,A2,mitigation,,,,60.72465772609713,,22.0,1.149028614379028,,0,,22.142898330832725,,,,,,1.3702071294654525,2.526966861807677,0.04358147068198639,0.19074653744289344,0,0,0.6877828054298643,1.1917812724144632,0.6488408935751047,0.2894095037615293,25.19907598547472,9.76341421648613,0.6803833900238208,39.0,4.0,0.7287322495794207,7.707306101245458
1,A1,camera_only,1.6018413691588211,0,13.700000000000001,8.060562844704094,-1.6018413691588211,14.53546487410077,2.5893882664998986,0.3236735333124873,0,0.7106693298692335,14.53546487410077,67.50463696325936,38.018234578074875,9.691896682823463,31.741977424125825,0.8300648767328697,1.4035472047473756,8.022997840922903,0.00495936876730595,,,,,,,,,,,,,,
1,A2,camera_only,,,,3.3784227471833472,,6.5,5.067891508569799,,0,,17.151575122836874,,,,,,1.0077156048978984,3.3604936684419546,-0.043914996330340225,1.0,1,1,0.0,0.0,0.0,0.0,33.35490778140944,9.514052434699227,0.755340063850699,44.0,2.0,0.9249914628913851,7.015564932235646
1,A1,multimodal_permissive,1.535104240817503,0,13.5,7.389770382531273,-1.535104240817503,14.53546487410077,2.591135066812236,0.3238918833515295,0,0.45757314518219516,14.53546487410077,67.50463696325936,38.018234578074875,9.691896682823463,31.741977424125825,0.8300648767328697,1.4035472047473756,8.022997840922903,0.00495936876730595,,,,,,,,,,,,,,
1,A2,multimodal_permissive,,,,3.3784227471833472,,6.5,5.067891508569799,,0,,17.151575122836874,,,,,,1.0077156048978984,3.3604936684419546,-0.043914996330340225,0.9506671261526416,1,1,0.0,0.0,3.183495906827484e-38,0.0,33.35490778140944,9.514052434699227,0.755340063850699,44.0,2.0,0.9249914628913851,7.015564932235646
1,A1,mitigation,0.6772228361786993,0,0.0,13.01111172219847,-0.6772228361786993,8.4,7.969142206239372,0.9961427757799215,1,0.08622687764295421,14.53546487410077,67.50463696325936,38.018234578074875,9.691896682823463,31.741977424125825,0.8300648767328697,1.4035472047473756,8.022997840922903,0.00495936876730595,,,,,,,,,,,,,,
1,A2,mitigation,,,,65.0,,17.0,1.8731473837590495,,0,,17.151575122836874,,,,,,1.0077156048978984,3.3604936684419546,-0.043914996330340225,0.07572281533596144,0,0,0.6081871345029239,1.6523239244775034,0.8591297050762646,1.0,31.487381716787073,9.514052434699227,0.755340063850699,44.0,2.0,0.9249914628913851,7.015564932235646
2,A1,camera_only,1.613781866909852,0,12.100000000000001,26.019095348303384,-1.613781866909852,13.784836402747949,3.769096208690932,0.4711370260863665,0,0.03254748423920262,13.784836402747949,60.98491143414123,47.399160368319926,4.551495652810582,35.201206311587846,0.9094257369710665,0.8597159123616129,7.1378665683326705,-0.02250306320939619,,,,,,,,,,,,,,
2,A2,camera_only,,,,2.5123345000070962,,6.4,4.659515117227305,,0,,20.61588158181576,,,,,,1.1093669722796087,3.899553197822349,0.0560923142992412,1.0,1,1,0.0,0.0,0.0,0.0,30.24613286689018,8.749062651121712,0.7010087168627471,43.0,3.0,0.8940172976293752,8.415324111548127
2,A1,multimodal_permissive,1.546211756801705,0,11.100000000000001,26.074175645213646,-1.546211756801705,13.784836402747949,4.220889357521212,0.5276111696901515,0,0.055199727316974645,13.784836402747949,60.98491143414123,47.399160368319926,4.551495652810582,35.201206311587846,0.9094257369710665,0.8597159123616129,7.1378665683326705,-0.02250306320939619,,,,,,,,,,,,,,
2,A2,multimodal_permissive,,,,2.5123345000070962,,6.4,4.659515117227305,,0,,20.61588158181576,,,,,,1.1093669722796087,3.899553197822349,0.0560923142992412,0.9473530235367951,1,1,0.0,0.0,2.0696532975415995e-38,0.0,30.24613286689018,8.749062651121712,0.7010087168627471,43.0,3.0,0.8940172976293752,8.415324111548127
2,A1,mitigation,1.2870275472050547,0,0.0,16.94843925692306,-0.4078163784872513,7.7,7.985579177028241,0.9981973971285302,1,0.009334297893277298,13.784836402747949,60.98491143414123,47.399160368319926,4.551495652810582,35.201206311587846,0.9094257369710665,0.8597159123616129,7.1378665683326705,-0.02250306320939619,,,,,,,,,,,,,,
2,A2,mitigation,,,,9.789840407668038,,20.5,1.3510509849654337,,0,,20.61588158181576,,,,,,1.1093669722796087,3.899553197822349,0.0560923142992412,0.05271458256438593,0,0,0.6601941747572816,2.138843102733638,0.8650518819046777,1.0,27.923618277847975,8.749062651121712,0.7010087168627471,43.0,3.0,0.8940172976293752,8.415324111548127
3,A1,camera_only,1.5943203622488724,0,10.8,9.661925149212486,-1.5943203622488724,13.256947501430872,3.5431617677346576,0.4428952209668322,0,0.7846429081495643,13.256947501430872,60.368105065961,47.217842512889554,7.492972216386207,29.12954370688479,0.8326130044614831,1.107193603419709,7.399347286592697,0.023457715140921456,,,,,,,,,,,,,,
3,A2,camera_only,,,,0.9737359404950674,,5.7,5.11303362109181,,0,,17.625196109567717,,,,,,1.3771621191983363,4.868801764508295,-0.025895860350145024,1.0,1,1,0.0,0.0,0.0,0.0,29.64243014733096,8.064912761982647,0.7523436255669909,39.0,3.0,0.8725676285739166,8.242736035399126
3,A1,multimodal_permissive,1.5279623990108817,0,10.600000000000001,8.738370325521062,-1.5279623990108817,13.256947501430872,3.5447164600359375,0.4430895575044922,0,0.579969309694377,13.256947501430872,60.368105065961,47.217842512889554,7.492972216386207,29.12954370688479,0.8326130044614831,1.107193603419709,7.399347286592697,0.023457715140921456,,,,,,,,,,,,,,
3,A2,multimodal_permissive,,,,0.9737359404950674,,5.7,5.11303362109181,,0,,17.625196109567717,,,,,,1.3771621191983363,4.868801764508295,-0.025895860350145024,0.9409124826021601,1,1,0.0,0.0,1.4399543023580975e-33,0.0,29.64243014733096,8.064912761982647,0.7523436255669909,39.0,3.0,0.8725676285739166,8.242736035399126
3,A1,mitigation,1.429821764624308,0,0.0,22.885133787281752,-0.8586916141038674,7.7,7.847555937693029,0.9809444922116286,1,0.07579357145488702,13.256947501430872,60.368105065961,47.217842512889554,7.492972216386207,29.12954370688479,0.8326130044614831,1.107193603419709,7.399347286592697,0.023457715140921456,,,,,,,,,,,,,,
3,A2,mitigation,,,,65.0,,17.5,1.601747249663265,,0,,17.625196109567717,,,,,,1.3771621191983363,4.868801764508295,-0.025895860350145024,0.1282286665750074,0,0,0.6534090909090909,1.4571728080814346,0.8107683207731974,1.0,27.824760660948296,8.064912761982647,0.7523436255669909,39.0,3.0,0.8725676285739166,8.242736035399126
4,A1,camera_only,1.587343690071824,0,13.9,8.211051684943651,-1.587343690071824,15.829168316717103,3.114629779599234,0.38932872244990424,0,0.8460464349681018,15.829168316717103,63.11327552814362,49.66741187990786,4.485016143373613,35.28826998394035,0.8178865119380908,1.3816160259379362,7.4363195403600715,0.03716352741876564,,,,,,,,,,,,,,
4,A2,camera_only,,,,2.4415222681928483,,7.300000000000001,4.574772025997944,,0,,19.99167770419924,,,,,,1.5865300499414532,3.109177377957286,0.056271944317948186,1.0,1,1,0.0,0.0,0.0,0.0,33.773124603543,10.108860318863954,0.7468014933374889,45.0,3.0,0.9251261465615256,9.645131938827097
4,A1,multimodal_permissive,3.9138215714648967,2,13.5,61.49247367486806,-3.9138215714648967,15.829168316717103,3.118703237111212,0.3898379046389015,0,0.27616410975268624,15.829168316717103,63.11327552814362,49.66741187990786,4.485016143373613,35.28826998394035,0.8178865119380908,1.3816160259379362,7.4363195403600715,0.03716352741876564,,,,,,,,,,,,,,
4,A2,multimodal_permissive,,,,2.4415222681928483,,7.300000000000001,4.574772025997944,,0,,19.99167770419924,,,,,,1.5865300499414532,3.109177377957286,0.056271944317948186,0.9383014637600249,1,1,0.0,0.0,2.12576122020028e-40,0.0,33.773124603543,10.108860318863954,0.7468014933374889,45.0,3.0,0.9251261465615256,9.645131938827097
4,A1,mitigation,1.1319526179901558,0,0.0,21.250982505396745,-0.9931456325495189,8.0,7.840687371425926,0.9800859214282408,1,0.07525932938374154,15.829168316717103,63.11327552814362,49.66741187990786,4.485016143373613,35.28826998394035,0.8178865119380908,1.3816160259379362,7.4363195403600715,0.03716352741876564,,,,,,,,,,,,,,
4,A2,mitigation,,,,24.94749814687032,,19.8,1.5778449994529207,,0,,19.99167770419924,,,,,,1.5865300499414532,3.109177377957286,0.056271944317948186,0.11436361924529928,0,0,0.5979899497487438,2.0773983185405065,0.8298587835114879,1.0,31.40006481036579,10.108860318863954,0.7468014933374889,45.0,3.0,0.9251261465615256,9.645131938827097
5,A1,camera_only,1.6229015353992557,0,10.8,26.043134107390802,-1.6229015353992557,14.9,4.54502706795374,0.5681283834942175,1,0.07729434392510524,15.41500877123614,66.07940789736494,43.21455785458999,5.71480828052885,28.647168428579878,0.8196759090042347,1.0472022246069987,7.113187984756113,-0.0451242289272832,,,,,,,,,,,,,,
5,A2,camera_only,,,,1.9717852305075,,5.2,5.023613086763785,,0,,22.495468632857893,,,,,,1.5130259668922665,4.532693112826223,-0.01291144027982662,1.0,1,1,0.0,0.0,0.0,0.0,26.59849114702951,9.109476446351952,0.7128314282337754,37.0,3.0,0.9732884102474064,7.465115093658713
5,A1,multimodal_permissive,1.5548374515496144,0,9.8,26.146610655317,-1.5548374515496144,14.100000000000001,4.96931735563302,0.6211646694541275,1,0.0630902687561447,15.41500877123614,66.07940789736494,43.21455785458999,5.71480828052885,28.647168428579878,0.8196759090042347,1.0472022246069987,7.113187984756113,-0.0451242289272832,,,,,,,,,,,,,,
5,A2,multimodal_permissive,,,,1.9717852305075,,5.2,5.023613086763785,,0,,22.495468632857893,,,,,,1.5130259668922665,4.532693112826223,-0.01291144027982662,0.9513208434232954,1,1,0.0,0.0,1.6069818263936703e-35,0.0,26.59849114702951,9.109476446351952,0.7128314282337754,37.0,3.0,0.9732884102474064,7.465115093658713
5,A1,mitigation,0.5551328250257859,0,0.0,7.410355678205655,-0.1859027427947797,8.1,8.120518897858918,1.0150648622323648,1,0.06496954353067079,15.41500877123614,66.07940789736494,43.21455785458999,5.71480828052885,28.647168428579878,0.8196759090042347,1.0472022246069987,7.113187984756113,-0.0451242289272832,,,,,,,,,,,,,,
5,A2,mitigation,,,,65.0,,22.3,1.1336770612874596,,0,,22.495468632857893,,,,,,1.5130259668922665,4.532693112826223,-0.01291144027982662,0.07666565777476965,0,0,0.7276785714285714,1.3336112956529753,0.8682449751915884,1.0,24.999395115274265,9.109476446351952,0.7128314282337754,37.0,3.0,0.9732884102474064,7.465115093658713
6,A1,camera_only,1.5968283331279118,0,14.4,10.297443546781183,-1.5968283331279118,14.61449305441583,2.7876209547602673,0.3484526193450334,0,0.7678845824304403,14.61449305441583,61.43270869813338,41.16694135713529,6.246980593527294,39.8493398822376,0.8845166308778579,1.2731753409288196,7.824908638463646,0.01799176611640223,,,,,,,,,,,,,,
6,A2,camera_only,,,,3.406083964323958,,6.800000000000001,5.220576824008516,,0,,17.676348061879544,,,,,,1.4529525719461955,4.355632877979114,-0.05422998155969442,1.0,1,1,0.0,0.0,0.0,0.0,35.97592984879281,6.706916927935101,0.7990267885532302,45.0,2.0,0.9744795661681771,6.037196331034874
6,A1,multimodal_permissive,1.5302621872413025,0,14.3,9.273366851735634,-1.5302621872413025,14.61449305441583,2.788954582331199,0.3486193227913999,0,0.5700286270896981,14.61449305441583,61.43270869813338,41.16694135713529,6.246980593527294,39.8493398822376,0.8845166308778579,1.2731753409288196,7.824908638463646,0.01799176611640223,,,,,,,,,,,,,,
6,A2,multimodal_permissive,,,,3.406083964323958,,6.800000000000001,5.220576824008516,,0,,17.676348061879544,,,,,,1.4529525719461955,4.355632877979114,-0.05422998155969442,0.9143871051257907,1,1,0.0,0.0,1.168581113463822e-40,0.0,35.97592984879281,6.706916927935101,0.7990267885532302,45.0,2.0,0.9744795661681771,6.037196331034874
6,A1,mitigation,1.717403339729303,0,0.0,25.224739939026367,-0.8050706541733338,7.800000000000001,7.874431978826583,0.9843039973533229,1,0.09563982416568248,14.61449305441583,61.43270869813338,41.16694135713529,6.246980593527294,39.8493398822376,0.8845166308778579,1.2731753409288196,7.824908638463646,0.01799176611640223,,,,,,,,,,,,,,
6,A2,mitigation,,,,65.0,,17.5,1.9866725489204795,,0,,17.676348061879544,,,,,,1.4529525719461955,4.355632877979114,-0.05422998155969442,0.10604075765646033,0,0,0.6079545454545454,1.3666332377655905,0.8268545102936046,1.0,34.099292054713,6.706916927935101,0.7990267885532302,45.0,2.0,0.9744795661681771,6.037196331034874
7,A1,camera_only,1.5918016692493768,0,12.9,10.214017274927274,-3.3001995266255166,14.875286399814001,3.130096578418781,0.3912620723023476,0,0.8167794549815,14.875286399814001,66.97213800969575,46.85959966343271,5.351243139943551,31.601995418934706,0.947123895803028,0.7044755088807385,9.053071045956916,0.029706942875204624,,,,,,,,,,,,,,
7,A2,camera_only,,,,2.3712326123208247,,6.7,4.622983769361395,,0,,19.573642240640464,,,,,,1.1788660201142604,3.6604920562234775,0.05946003401212712,1.0,1,1,0.0,0.0,0.0,0.0,31.38448014073108,7.7121297072772546,0.7189795856941082,43.0,2.0,0.8357198395294881,8.963309596068765
7,A1,multimodal_permissive,1.525563198569058,0,12.700000000000001,9.42914150464433,-3.3001995266255166,14.875286399814001,3.1317627110591912,0.3914703388823989,0,0.5716784245780104,14.875286399814001,66.97213800969575,46.85959966343271,5.351243139943551,31.601995418934706,0.947123895803028,0.7044755088807385,9.053071045956916,0.029706942875204624,,,,,,,,,,,,,,
7,A2,multimodal_permissive,,,,2.3712326123208247,,6.7,4.622983769361395,,0,,19.573642240640464,,,,,,1.1788660201142604,3.6604920562234775,0.05946003401212712,0.9629654883773103,1,1,0.0,0.0,2.120056536217467e-37,0.0,31.38448014073108,7.7121297072772546,0.7189795856941082,43.0,2.0,0.8357198395294881,8.963309596068765
7,A1,mitigation,2.308574890394243,0,0.0,32.28571428571428,-3.3001995266255166,8.8,7.671057418205138,0.9588821772756423,1,0.048549701773224145,14.875286399814001,66.97213800969575,46.85959966343271,5.351243139943551,31.601995418934706,0.947123895803028,0.7044755088807385,9.053071045956916,0.029706942875204624,,,,,,,,,,,,,,
7,A2,mitigation,,,,13.33774807420311,,19.400000000000002,1.4325794288479867,,0,,19.573642240640464,,,,,,1.1788660201142604,3.6604920562234775,0.05946003401212712,0.12510048204290414,0,0,0.6358974358974359,2.8025034172897385,0.8095323997247773,1.0,28.066891556576095,7.7121297072772546,0.7189795856941082,43.0,2.0,0.8357198395294881,8.963309596068765
8,A1,camera_only,1.6208542906238226,0,12.700000000000001,26.035339523172844,-1.6208542906238226,13.980916829816682,4.068025059023393,0.5085031323779241,0,0.06084070451221742,13.980916829816682,67.87276843337925,40.46195173879723,8.731293614920174,38.438758140354594,0.8216820497001904,1.072199592154379,7.9318722577233824,-0.03930464035272257,,,,,,,,,,,,,,
8,A2,camera_only,,,,3.4410474624916576,,5.0,4.944313494840867,,0,,19.634309997894942,,,,,,1.441753519631768,3.268952564432679,-0.02928953938101287,1.0,1,1,0.0,0.0,0.0,0.0,25.121978379561778,7.465408580338729,0.7160003347971582,35.0,2.0,0.7704047827151208,7.954514258827058
8,A1,multimodal_permissive,1.5527770380473203,0,11.700000000000001,26.107634838677605,-1.5527770380473203,13.980916829816682,4.5359286011855895,0.5669910751481987,0,0.016626672533126555,13.980916829816682,67.87276843337925,40.46195173879723,8.731293614920174,38.438758140354594,0.8216820497001904,1.072199592154379,7.9318722577233824,-0.03930464035272257,,,,,,,,,,,,,,
8,A2,multimodal_permissive,,,,3.4410474624916576,,5.0,4.944313494840867,,0,,19.634309997894942,,,,,,1.441753519631768,3.268952564432679,-0.02928953938101287,0.8854637423812047,1,1,0.0,0.0,2.56846702684307e-28,0.0,25.121978379561778,7.465408580338729,0.7160003347971582,35.0,2.0,0.7704047827151208,7.954514258827058
8,A1,mitigation,0.6917522531896477,0,0.0,9.347451599008672,-0.24299290671121948,8.3,8.104926241564312,1.013115780195539,1,0.017249280103788397,13.980916829816682,67.87276843337925,40.46195173879723,8.731293614920174,38.438758140354594,0.8216820497001904,1.072199592154379,7.9318722577233824,-0.03930464035272257,,,,,,,,,,,,,,
8,A2,mitigation,,,,76.12669618672264,,19.5,1.2356078217472004,,0,,19.634309997894942,,,,,,1.441753519631768,3.268952564432679,-0.02928953938101287,0.12401243962930253,0,0,0.7295918367346939,1.424175738319068,0.8072224733497377,1.0,23.501320054231098,7.465408580338729,0.7160003347971582,35.0,2.0,0.7704047827151208,7.954514258827058
9,A1,camera_only,1.6240907614288107,0,12.200000000000001,26.047726030629285,-3.2372799178610165,14.100000000000001,4.665470313677467,0.5831837892096834,1,0.09147345821705952,15.610747611910254,60.868172090875554,44.44407410072186,8.665204497521072,36.592895555242784,0.9579988313275319,1.431334601805452,9.295594072621906,-0.04734122655324028,,,,,,,,,,,,,,
9,A2,camera_only,,,,2.807128917206725,,5.7,5.05791192635509,,0,,19.404864000712298,,,,,,1.5858069076432493,4.353829558018039,-0.022127581202607223,1.0,1,1,0.0,0.0,0.0,0.0,29.29793694820728,8.439777307909152,0.6891215876318151,42.0,2.0,0.9359615736125269,8.526668522947269
9,A1,multimodal_permissive,1.5558588599386638,0,11.3,26.16718535597876,-3.2372799178610165,13.3,5.084676210769853,0.6355845263462316,1,0.08884110453658614,15.610747611910254,60.868172090875554,44.44407410072186,8.665204497521072,36.592895555242784,0.9579988313275319,1.431334601805452,9.295594072621906,-0.04734122655324028,,,,,,,,,,,,,,
9,A2,multimodal_permissive,,,,2.807128917206725,,5.7,5.05791192635509,,0,,19.404864000712298,,,,,,1.5858069076432493,4.353829558018039,-0.022127581202607223,0.9770354114906559,1,1,0.0,0.0,1.4704762541792695e-36,0.0,29.29793694820728,8.439777307909152,0.6891215876318151,42.0,2.0,0.9359615736125269,8.526668522947269
9,A1,mitigation,6.335582567512713,1,0.1,83.59645484182138,-6.335582567512713,7.4,8.158152477577818,1.0197690596972273,1,0.029570648344418363,15.610747611910254,60.868172090875554,44.44407410072186,8.665204497521072,36.592895555242784,0.9579988313275319,1.431334601805452,9.295594072621906,-0.04734122655324028,,,,,,,,,,,,,,
9,A2,mitigation,,,,70.88235294117646,,19.3,1.4371758473832303,,0,,19.404864000712298,,,,,,1.5858069076432493,4.353829558018039,-0.022127581202607223,0.1144471620335559,0,0,0.6701030927835051,1.4321333350263608,0.8275447526698941,1.0,27.462736421461653,8.439777307909152,0.6891215876318151,42.0,2.0,0.9359615736125269,8.526668522947269
10,A1,camera_only,1.607621326448072,0,13.8,26.00031411684143,-3.082265214399132,15.868005128886926,3.4417552724011795,0.43021940905014744,0,0.01958411146190997,15.868005128886926,60.07681810079147,47.59822839384343,4.895692738492121,34.15365539723878,0.7553390970453316,1.2856810078139616,9.104369310780697,-0.00744910025950234,,,,,,,,,,,,,,
10,A2,camera_only,,,,1.5421558983291872,,6.0,5.188603027114302,,0,,22.263093018993516,,,,,,1.453038346471076,4.8003154125547445,-0.042600636607652724,1.0,1,1,0.0,0.0,0.0,0.0,31.629628563477382,9.801331625539193,0.7273501437460207,43.0,3.0,0.915858484824204,8.727901055219688
10,A1,multimodal_permissive,6.689727977116835,2,11.9,92.89727977116834,-6.689727977116835,15.0,4.153572620351905,0.5191965775439882,1,0.0019243879653174645,15.868005128886926,60.07681810079147,47.59822839384343,4.895692738492121,34.15365539723878,0.7553390970453316,1.2856810078139616,9.104369310780697,-0.00744910025950234,,,,,,,,,,,,,,
10,A2,multimodal_permissive,,,,1.5421558983291872,,6.0,5.188603027114302,,0,,22.263093018993516,,,,,,1.453038346471076,4.8003154125547445,-0.042600636607652724,0.90626488929617,1,1,0.0,0.0,6.945995352949541e-38,0.0,31.629628563477382,9.801331625539193,0.7273501437460207,43.0,3.0,0.915858484824204,8.727901055219688
10,A1,mitigation,0.8292370778185215,0,0.0,13.847328328442314,-3.082265214399132,7.4,8.018566443977388,1.0023208054971735,1,0.03633135317149569,15.868005128886926,60.07681810079147,47.59822839384343,4.895692738492121,34.15365539723878,0.7553390970453316,1.2856810078139616,9.104369310780697,-0.00744910025950234,,,,,,,,,,,,,,
10,A2,mitigation,,,,70.88235294117646,,22.1,1.367198685117845,,0,,22.263093018993516,,,,,,1.453038346471076,4.8003154125547445,-0.042600636607652724,0.11402796925154111,0,0,0.7117117117117117,1.640990110016098,0.8283922280091089,1.0,29.55917612215108,9.801331625539193,0.7273501437460207,43.0,3.0,0.915858484824204,8.727901055219688
11,A1,camera_only,1.5850958949615557,0,11.4,9.620980114646674,-1.5850958949615557,13.3857106083076,3.305929494909571,0.4132411868636964,0,0.870697417872961,13.3857106083076,62.99277862440115,44.42097700672701,4.1721340502316675,29.77511301492947,0.9613348659696961,0.7598574897310673,7.3244348734982445,0.04483284532917751,,,,,,,,,,,,,,
11,A2,camera_only,,,,1.965961564693759,,6.0,4.859113178759407,,0,,20.420359760380105,,,,,,0.867272861936912,4.364118783511976,0.020443270092298054,1.0,1,1,0.0,0.0,1.503419826332664e-36,0.0,29.61401064849678,7.975972494919164,0.7515946030524567,39.0,3.0,0.7915802920978936,7.561911567415802
11,A1,multimodal_permissive,1.5193394286406088,0,11.200000000000001,8.704280041585806,-1.5193394286406088,13.3857106083076,3.307756456903776,0.413469557112972,0,0.6263661803762943,13.3857106083076,62.99277862440115,44.42097700672701,4.1721340502316675,29.77511301492947,0.9613348659696961,0.7598574897310673,7.3244348734982445,0.04483284532917751,,,,,,,,,,,,,,
11,A2,multimodal_permissive,,,,1.965961564693759,,6.0,4.859113178759407,,0,,20.420359760380105,,,,,,0.867272861936912,4.364118783511976,0.020443270092298054,0.9416869329472204,1,1,0.0,0.0,7.767628976110692e-33,0.0,29.61401064849678,7.975972494919164,0.7515946030524567,39.0,3.0,0.7915802920978936,7.561911567415802
11,A1,mitigation,2.1601897873207685,0,0.0,32.28571428571428,-1.0683816412506593,8.6,7.490856331947436,0.9363570414934295,1,0.034150383977052286,13.3857106083076,62.99277862440115,44.42097700672701,4.1721340502316675,29.77511301492947,0.9613348659696961,0.7598574897310673,7.3244348734982445,0.04483284532917751,,,,,,,,,,,,,,
11,A2,mitigation,,,,9.851182531800848,,20.3,1.362875434075916,,0,,20.420359760380105,,,,,,0.867272861936912,4.364118783511976,0.020443270092298054,0.10814853658904464,0,0,0.6764705882352942,1.2915293059587576,0.8264381601916516,1.0,27.893691005536237,7.975972494919164,0.7515946030524567,39.0,3.0,0.7915802920978936,7.561911567415802
12,A1,camera_only,1.5862199047920278,0,12.8,6.95436005374463,-1.5862199047920278,13.752473374325339,2.7885313003475276,0.34856641254344095,0,0.8391506224308642,13.752473374325339,67.46752942859425,38.650485383556656,5.0757484625086455,32.19867088715149,0.7799407241133756,1.2698788813568669,7.287698455308619,0.03963093737046805,,,,,,,,,,,,,,
12,A2,camera_only,,,,3.3234116408040237,,6.2,4.88443662804421,,0,,21.7197176899615,,,,,,1.1043616345381373,3.3608483655598294,-0.0038224090867319213,1.0,1,1,0.0,0.0,4.253870574445979e-37,0.0,30.68901838267597,6.51130812874648,0.7558052626406312,40.0,2.0,0.7870682892778574,9.637583504361631
12,A1,multimodal_permissive,2.2112205043957083,0,12.600000000000001,32.31777286970202,-1.5207926539030352,13.752473374325339,2.7929400836756426,0.3491175104594553,0,0.2808205461201407,13.752473374325339,67.46752942859425,38.650485383556656,5.0757484625086455,32.19867088715149,0.7799407241133756,1.2698788813568669,7.287698455308619,0.03963093737046805,,,,,,,,,,,,,,
12,A2,multimodal_permissive,,,,3.3234116408040237,,6.2,4.88443662804421,,0,,21.7197176899615,,,,,,1.1043616345381373,3.3608483655598294,-0.0038224090867319213,0.9523764426478971,1,1,0.0,0.0,7.962047665609254e-33,0.0,30.68901838267597,6.51130812874648,0.7558052626406312,40.0,2.0,0.7870682892778574,9.637583504361631
12,A1,mitigation,1.1045588563733362,0,0.0,21.219097805490556,-1.0173509241757195,8.6,7.805405745683908,0.9756757182104885,1,0.009827730805825519,13.752473374325339,67.46752942859425,38.650485383556656,5.0757484625086455,32.19867088715149,0.7799407241133756,1.2698788813568669,7.287698455308619,0.03963093737046805,,,,,,,,,,,,,,
12,A2,mitigation,,,,65.0,,21.6,1.3374550143186417,,0,,21.7197176899615,,,,,,1.1043616345381373,3.3608483655598294,-0.0038224090867319213,0.19601520667156042,0,0,0.6774193548387096,1.2393403734462538,0.6944331758642509,0.5933018062316557,28.976398943923257,6.51130812874648,0.7558052626406312,40.0,2.0,0.7870682892778574,9.637583504361631
13,A1,camera_only,1.5861777918062612,0,13.100000000000001,7.8938165035259455,-1.5861777918062612,15.59439276104976,3.027176867866251,0.3783971084832814,0,0.8386383716273826,15.59439276104976,66.55302514932059,47.35432758298079,5.5686781684988595,28.926393492621056,0.9660811029159765,1.2217229373900367,7.006576884065749,0.04104071780658378,,,,,,,,,,,,,,
13,A2,camera_only,,,,3.0450521554166854,,7.300000000000001,4.86137490683773,,0,,22.416419113806555,,,,,,1.4450482085330865,3.226199998069321,0.0021299648624372525,1.0,1,1,0.0,0.0,0.0,0.0,35.886027595729075,7.645186416664682,0.7939125572254571,45.0,2.0,0.8339528122988895,5.585199417375332
13,A1,multimodal_permissive,1.5204964852711682,0,13.0,7.250764147925208,-1.5204964852711682,15.59439276104976,3.028681265451908,0.3785851581814885,0,0.6034492208293329,15.59439276104976,66.55302514932059,47.35432758298079,5.5686781684988595,28.926393492621056,0.9660811029159765,1.2217229373900367,7.006576884065749,0.04104071780658378,,,,,,,,,,,,,,
13,A2,multimodal_permissive,,,,3.0450521554166854,,7.300000000000001,4.86137490683773,,0,,22.416419113806555,,,,,,1.4450482085330865,3.226199998069321,0.0021299648624372525,0.9534477404149962,1,1,0.0,0.0,1.6292196670481165e-37,0.0,35.886027595729075,7.645186416664682,0.7939125572254571,45.0,2.0,0.8339528122988895,5.585199417375332
13,A1,mitigation,2.183393499858207,0,0.0,32.145743701122214,-1.0311808702540148,8.6,7.774413155276283,0.9718016444095354,1,0.084921203827248,15.59439276104976,66.55302514932059,47.35432758298079,5.5686781684988595,28.926393492621056,0.9660811029159765,1.2217229373900367,7.006576884065749,0.04104071780658378,,,,,,,,,,,,,,
13,A2,mitigation,,,,70.78326889479085,,22.3,1.5403953719062513,,0,,22.416419113806555,,,,,,1.4450482085330865,3.226199998069321,0.0021299648624372525,0.13015131817228537,0,0,0.65625,1.1900445649300622,0.7833296111868977,1.0,34.50301314453813,7.645186416664682,0.7939125572254571,45.0,2.0,0.8339528122988895,5.585199417375332
14,A1,camera_only,1.6058980056686114,0,14.100000000000001,10.473427641567211,-2.2271809950154084,15.492949956667335,2.9472951514417995,0.36841189393022494,0,0.121565407611115,15.492949956667335,61.60946666834256,45.838350278148766,9.160712719915567,35.69580976945797,0.8625744342914616,1.3479664091515142,8.790785956600102,-0.0032831246089148006,,,,,,,,,,,,,,
14,A2,camera_only,,,,3.271133317573569,,4.7,4.991213908316114,,0,,20.14852416000456,,,,,,1.0889450183587501,3.5215475909663705,-0.03255352466836512,1.0,1,1,0.0,0.0,0.0,0.0,23.875604706031936,9.485289440365246,0.6888989486794876,34.0,3.0,0.9113748571528935,8.250970904235944
14,A1,multimodal_permissive,1.5387368744572778,0,14.0,26.000017288237327,-2.2271809950154084,15.492949956667335,3.2380888806000976,0.4047611100750122,0,0.0022465679512606584,15.492949956667335,61.60946666834256,45.838350278148766,9.160712719915567,35.69580976945797,0.8625744342914616,1.3479664091515142,8.790785956600102,-0.0032831246089148006,,,,,,,,,,,,,,
14,A2,multimodal_permissive,,,,3.271133317573569,,4.7,4.991213908316114,,0,,20.14852416000456,,,,,,1.0889450183587501,3.5215475909663705,-0.03255352466836512,0.9614444605097868,1,1,0.0,0.0,4.0122522222950714e-35,0.0,23.875604706031936,9.485289440365246,0.6888989486794876,34.0,3.0,0.9113748571528935,8.250970904235944
14,A1,mitigation,0.7161144770676315,0,0.2,13.12478453225605,-2.2271809950154084,7.7,8.000999915015642,1.0001249893769553,1,0.030783819939408784,15.492949956667335,61.60946666834256,45.838350278148766,9.160712719915567,35.69580976945797,0.8625744342914616,1.3479664091515142,8.790785956600102,-0.0032831246089148006,,,,,,,,,,,,,,
14,A2,mitigation,,,,65.0,,20.0,1.1180264504972959,,0,,20.14852416000456,,,,,,1.0889450183587501,3.5215475909663705,-0.03255352466836512,0.053687888665435994,0,0,0.7412935323383084,1.5623833701709238,0.8750706682008519,1.0,21.823414320683064,9.485289440365246,0.6888989486794876,34.0,3.0,0.9113748571528935,8.250970904235944
15,A1,camera_only,1.606424256274138,0,14.200000000000001,26.000000867670774,-1.606424256274138,15.078230103895457,2.721778275548871,0.34022228444360886,0,0.014454005127078062,15.078230103895457,66.15817111336058,40.82169460909999,4.269029054142512,34.859167084404774,0.7580238109481353,1.3109556703441505,7.8633912601896,-0.0042990324391128714,,,,,,,,,,,,,,
15,A2,camera_only,,,,1.4790383331829426,,5.5,5.037488977358846,,0,,22.367658380645963,,,,,,0.7655769464688433,4.667551717675583,-0.01322898199801037,1.0,1,1,0.0,0.0,0.0,0.0,28.189941802803265,9.625864111088124,0.7981306063369566,35.0,3.0,0.9648215542723322,6.15870063941907
15,A1,multimodal_permissive,1.539200711938797,0,13.100000000000001,26.000245419466104,-1.539200711938797,15.078230103895457,3.401806825701738,0.4252258532127173,0,0.0098503020490881,15.078230103895457,66.15817111336058,40.82169460909999,4.269029054142512,34.859167084404774,0.7580238109481353,1.3109556703441505,7.8633912601896,-0.0042990324391128714,,,,,,,,,,,,,,
15,A2,multimodal_permissive,,,,1.4790383331829426,,5.5,5.037488977358846,,0,,22.367658380645963,,,,,,0.7655769464688433,4.667551717675583,-0.01322898199801037,0.9459742184725294,1,1,0.0,0.0,7.87817974967203e-37,0.0,28.189941802803265,9.625864111088124,0.7981306063369566,35.0,3.0,0.9648215542723322,6.15870063941907
15,A1,mitigation,0.5863979203437306,0,0.1,10.033738526539437,-0.5863979203437306,8.200000000000001,8.000134010009512,1.000016751251189,1,0.01796481165669607,15.078230103895457,66.15817111336058,40.82169460909999,4.269029054142512,34.859167084404774,0.7580238109481353,1.3109556703441505,7.8633912601896,-0.0042990324391128714,,,,,,,,,,,,,,
15,A2,mitigation,,,,65.0,,22.200000000000003,1.2071248071339244,,0,,22.367658380645963,,,,,,0.7655769464688433,4.667551717675583,-0.01322898199801037,0.07907633348340593,0,0,0.7174887892376681,1.3311250266682357,0.8648186590201562,1.0,26.568137490620966,9.625864111088124,0.7981306063369566,35.0,3.0,0.9648215542723322,6.15870063941907
16,A1,camera_only,1.6232288881670167,0,11.600000000000001,26.041988667388907,-2.796173375166468,14.3,4.409472299508542,0.5511840374385677,1,0.06779460818015057,14.700750516638095,62.307441454901856,37.31703355646134,6.088477302615972,35.458108460568155,0.7256303008275047,1.4434375212537072,9.135123828817356,-0.04556957842117152,,,,,,,,,,,,,,
16,A2,camera_only,,,,0.20308868775195027,,6.300000000000001,4.903643586672355,,0,,21.413315295762473,,,,,,1.5648387564047574,4.954954963249843,0.019595432039184034,1.0,1,1,0.0,0.0,0.0,0.0,31.386064710581643,7.239180645947394,0.7773873480858031,40.0,2.0,0.8998211365556493,5.817940811611185
16,A1,multimodal_permissive,4.139852704498501,1,10.700000000000001,67.398527044985,-4.139852704498501,13.5,4.854153363594332,0.6067691704492915,1,0.040665429409890326,14.700750516638095,62.307441454901856,37.31703355646134,6.088477302615972,35.458108460568155,0.7256303008275047,1.4434375212537072,9.135123828817356,-0.04556957842117152,,,,,,,,,,,,,,
16,A2,multimodal_permissive,,,,0.20308868775195027,,6.300000000000001,4.903643586672355,,0,,21.413315295762473,,,,,,1.5648387564047574,4.954954963249843,0.019595432039184034,0.9028959550265382,1,1,0.0,0.0,2.186106278556741e-36,0.0,31.386064710581643,7.239180645947394,0.7773873480858031,40.0,2.0,0.8998211365556493,5.817940811611185
16,A1,mitigation,0.1863050925660072,0,0.0,7.9890667861899285,-2.796173375166468,7.6000000000000005,8.165706108413113,1.0207132635516392,1,0.04894117266567255,14.700750516638095,62.307441454901856,37.31703355646134,6.088477302615972,35.458108460568155,0.7256303008275047,1.4434375212537072,9.135123828817356,-0.04556957842117152,,,,,,,,,,,,,,
16,A2,mitigation,,,,63.07768811695604,,21.3,1.387961957101439,,0,,21.413315295762473,,,,,,1.5648387564047574,4.954954963249843,0.019595432039184034,0.1420851482350414,0,0,0.6869158878504673,1.1723522422071895,0.7835404823262353,1.0,29.76797426988764,7.239180645947394,0.7773873480858031,40.0,2.0,0.8998211365556493,5.817940811611185
17,A1,camera_only,1.5940562136984717,0,13.8,10.046055238343271,-1.7414881711091097,15.535224378393705,2.7936594648399633,0.3492074331049954,0,0.8065768031152487,15.535224378393705,59.60973091169107,43.80842366311969,6.208479649985628,30.57930356274122,0.8203142497731916,1.0639398242295672,8.528357771247451,0.023638587051328652,,,,,,,,,,,,,,
17,A2,camera_only,,,,3.127893825666661,,6.0,4.583762158276003,,0,,17.084093111281913,,,,,,1.4574942058255984,2.1103320730019743,0.008104777577813351,1.0,1,1,0.0,0.0,0.0,0.0,27.818533947628868,7.516163655170557,0.7645804196389502,36.0,2.0,0.9794185570399738,8.046700685225517
17,A1,multimodal_permissive,1.5278886648981818,0,13.700000000000001,9.006693758201072,-1.7414881711091097,15.535224378393705,2.795270566565446,0.34940882082068075,0,0.5556755100360533,15.535224378393705,59.60973091169107,43.80842366311969,6.208479649985628,30.57930356274122,0.8203142497731916,1.0639398242295672,8.528357771247451,0.023638587051328652,,,,,,,,,,,,,,
17,A2,multimodal_permissive,,,,3.127893825666661,,6.0,4.583762158276003,,0,,17.084093111281913,,,,,,1.4574942058255984,2.1103320730019743,0.008104777577813351,0.9612027121959151,1,1,0.0,0.0,2.089557243566736e-37,0.0,27.818533947628868,7.516163655170557,0.7645804196389502,36.0,2.0,0.9794185570399738,8.046700685225517
17,A1,mitigation,0.9383939638238679,0,0.0,17.988599313688297,-1.7414881711091097,7.5,7.895079633314087,0.9868849541642609,1,0.06669998847185116,15.535224378393705,59.60973091169107,43.80842366311969,6.208479649985628,30.57930356274122,0.8203142497731916,1.0639398242295672,8.528357771247451,0.023638587051328652,,,,,,,,,,,,,,
17,A2,mitigation,,,,64.2049213196165,,16.900000000000002,1.5428402223087951,,0,,17.084093111281913,,,,,,1.4574942058255984,2.1103320730019743,0.008104777577813351,0.0923883868913787,0,0,0.5941176470588235,1.2014921228882152,0.849087200187543,1.0,26.273931544367027,7.516163655170557,0.7645804196389502,36.0,2.0,0.9794185570399738,8.046700685225517
18,A1,camera_only,1.605186782491843,0,14.0,8.730791748220335,-1.605186782491843,14.197917307652718,2.800168391837921,0.3500210489797401,0,0.2831231690153402,14.197917307652718,65.17414679288215,39.93152659250405,4.496349507988698,39.63725583151432,0.8666209537956675,1.2476728178285594,8.442178658756523,-0.002463903027006398,,,,,,,,,,,,,,
18,A2,camera_only,,,,3.0855664614742118,,7.300000000000001,4.527167048788658,,0,,17.673210944163213,,,,,,1.5560727495894506,2.076211764114931,0.02856463022389452,1.0,1,1,0.0,0.0,0.0,0.0,33.362132517882735,7.7543844848928725,0.7830692015758989,42.0,4.0,0.9510365057458608,8.36300038284244
18,A1,multimodal_permissive,1.5381785633672,0,13.9,26.0000008397438,-1.5381785633672,14.197917307652718,2.813375689770711,0.35167196122133887,0,0.006273586356400074,14.197917307652718,65.17414679288215,39.93152659250405,4.496349507988698,39.63725583151432,0.8666209537956675,1.2476728178285594,8.442178658756523,-0.002463903027006398,,,,,,,,,,,,,,
18,A2,multimodal_permissive,,,,3.0855664614742118,,7.300000000000001,4.527167048788658,,0,,17.673210944163213,,,,,,1.5560727495894506,2.076211764114931,0.02856463022389452,0.9393656291605681,1,1,0.0,0.0,3.4470176551235643e-41,0.0,33.362132517882735,7.7543844848928725,0.7830692015758989,42.0,4.0,0.9510365057458608,8.36300038284244
18,A1,mitigation,1.1541831262480502,0,0.0,17.58583666124545,-1.2391967077522767,8.200000000000001,7.971692792255702,0.9964615990319627,1,0.03956592438267086,14.197917307652718,65.17414679288215,39.93152659250405,4.496349507988698,39.63725583151432,0.8666209537956675,1.2476728178285594,8.442178658756523,-0.002463903027006398,,,,,,,,,,,,,,
18,A2,mitigation,,,,9.155416656356445,,17.5,1.7547170449057725,,0,,17.673210944163213,,,,,,1.5560727495894506,2.076211764114931,0.02856463022389452,0.05372254798381054,0,0,0.5397727272727273,1.9023500039784196,0.8802388823406685,1.0,30.865169108873353,7.7543844848928725,0.7830692015758989,42.0,4.0,0.9510365057458608,8.36300038284244
19,A1,camera_only,1.6115548465933358,0,12.0,26.016055640871247,-1.6115548465933358,14.261136387187783,3.69486289185198,0.4618578614814975,0,0.028030696828835744,14.261136387187783,67.25869344816704,39.83417983057595,4.36029162473516,31.726521499757343,0.90672816704674,1.3638207445029558,8.346749590198982,-0.01883345821761795,,,,,,,,,,,,,,
19,A2,camera_only,,,,3.6022437096821647,,6.5,4.962942431439506,,0,,22.039923511640325,,,,,,1.3565711055961676,3.8603535396991573,-0.008044551634063648,1.0,1,1,0.0,0.0,0.0,0.0,32.696385927508906,10.21230204607863,0.7411129365988626,44.0,3.0,0.8794437587152559,7.209490437226085
19,A1,multimodal_permissive,1.544313020079945,0,10.9,26.05386780444609,-1.544313020079945,14.261136387187783,4.258606970196331,0.5323258712745413,0,0.020481928281625983,14.261136387187783,67.25869344816704,39.83417983057595,4.36029162473516,31.726521499757343,0.90672816704674,1.3638207445029558,8.346749590198982,-0.01883345821761795,,,,,,,,,,,,,,
19,A2,multimodal_permissive,,,,3.6022437096821647,,6.5,4.962942431439506,,0,,22.039923511640325,,,,,,1.3565711055961676,3.8603535396991573,-0.008044551634063648,0.9189766936523894,1,1,0.0,0.0,3.6944773934337666e-35,0.0,32.696385927508906,10.21230204607863,0.7411129365988626,44.0,3.0,0.8794437587152559,7.209490437226085
19,A1,mitigation,0.5943684857726301,0,0.0,10.38183689229226,-0.8059568897394025,8.3,8.051500591423267,1.0064375739279083,1,0.05628688467457507,14.261136387187783,67.25869344816704,39.83417983057595,4.36029162473516,31.726521499757343,0.90672816704674,1.3638207445029558,8.346749590198982,-0.01883345821761795,,,,,,,,,,,,,,
19,A2,mitigation,,,,65.0,,21.900000000000002,1.433704460061069,,0,,22.039923511640325,,,,,,1.3565711055961676,3.8603535396991573,-0.008044551634063648,0.10590755336265846,0,0,0.6863636363636364,1.2750146046286055,0.8298936969051072,1.0,31.2872092200502,10.21230204607863,0.7411129365988626,44.0,3.0,0.8794437587152559,7.209490437226085
20,A1,camera_only,1.5964393718840828,0,13.200000000000001,12.509013202647731,-4.378154620926697,13.840227887890478,2.692302385314647,0.3365377981643309,0,0.7748006973727684,13.840227887890478,62.61146709802942,37.704075696070184,7.135650110313595,32.91002090529046,0.7386262822732128,0.784121674445752,9.465720909916866,0.019406788235758667,,,,,,,,,,,,,,
20,A2,camera_only,,,,1.4267257154769042,,6.4,4.783284290144386,,0,,19.467786531447153,,,,,,0.7946977354541193,4.4224253850634065,0.037596640294761945,1.0,1,1,0.0,0.0,0.0,0.0,31.07205857230805,9.060707234359048,0.7178684399036297,43.0,2.0,0.7390689375634257,5.024858062297089
20,A1,multimodal_permissive,1.5298373745495453,0,13.0,12.509013202647731,-4.378154620926697,13.840227887890478,2.6937940587588347,0.33672425734485434,0,0.5648011826652066,13.840227887890478,62.61146709802942,37.704075696070184,7.135650110313595,32.91002090529046,0.7386262822732128,0.784121674445752,9.465720909916866,0.019406788235758667,,,,,,,,,,,,,,
20,A2,multimodal_permissive,,,,1.4267257154769042,,6.4,4.783284290144386,,0,,19.467786531447153,,,,,,0.7946977354541193,4.4224253850634065,0.037596640294761945,0.9507174499791269,1,1,0.0,0.0,4.152137387798069e-32,0.0,31.07205857230805,9.060707234359048,0.7178684399036297,43.0,2.0,0.7390689375634257,5.024858062297089
20,A1,mitigation,1.633576536989378,0,0.0,24.525285581535982,-4.378154620926697,7.9,7.8836822720013515,0.9854602840001689,1,0.015258430586137033,13.840227887890478,62.61146709802942,37.704075696070184,7.135650110313595,32.91002090529046,0.7386262822732128,0.784121674445752,9.465720909916866,0.019406788235758667,,,,,,,,,,,,,,
20,A2,mitigation,,,,61.31176958708385,,19.3,1.5201171641841744,,0,,19.467786531447153,,,,,,0.7946977354541193,4.4224253850634065,0.037596640294761945,0.11786540164382278,0,0,0.6443298969072165,1.171300957788695,0.8084088341107217,1.0,29.43752165980731,9.060707234359048,0.7178684399036297,43.0,2.0,0.7390689375634257,5.024858062297089
21,A1,camera_only,1.584597907016537,0,13.9,9.413879885865306,-1.584597907016537,15.343352766452412,2.9730191547209692,0.37162739434012115,0,0.8710752336289573,15.343352766452412,64.05847029570968,45.937216665717955,4.534587237533254,35.56857299048685,0.9750107825783577,1.0598943965057925,7.281007708368356,0.04582664453658424,,,,,,,,,,,,,,
21,A2,camera_only,,,,3.267909046734412,,6.0,5.095048216782467,,0,,20.717902017069388,,,,,,1.4757808287356535,4.09673235568205,-0.03339899669078578,1.0,1,1,0.0,0.0,0.0,0.0,31.026112112288608,7.288770943779783,0.7740882959137502,40.0,4.0,0.7744662232416887,5.923858661276306
21,A1,multimodal_permissive,1.5188910197397365,0,13.700000000000001,8.529968654193887,-1.5188910197397365,15.343352766452412,2.974601604932913,0.3718252006166141,0,0.627540644857234,15.343352766452412,64.05847029570968,45.937216665717955,4.534587237533254,35.56857299048685,0.9750107825783577,1.0598943965057925,7.281007708368356,0.04582664453658424,,,,,,,,,,,,,,
21,A2,multimodal_permissive,,,,3.267909046734412,,6.0,5.095048216782467,,0,,20.717902017069388,,,,,,1.4757808287356535,4.09673235568205,-0.03339899669078578,0.9526279580600227,1,1,0.0,0.0,2.6700231813379844e-31,0.0,31.026112112288608,7.288770943779783,0.7740882959137502,40.0,4.0,0.7744662232416887,5.923858661276306
21,A1,mitigation,1.808233624444095,0,0.0,28.86364435919414,-1.0781308114753192,8.3,7.747250559992551,0.9684063199990689,1,0.028407510226099976,15.343352766452412,64.05847029570968,45.937216665717955,4.534587237533254,35.56857299048685,0.9750107825783577,1.0598943965057925,7.281007708368356,0.04582664453658424,,,,,,,,,,,,,,
21,A2,mitigation,,,,75.72355842463391,,20.6,1.4625857790594925,,0,,20.717902017069388,,,,,,1.4757808287356535,4.09673235568205,-0.03339899669078578,0.10574193948565355,0,0,0.7053140096618358,1.3672034431521034,0.8055640271338298,1.0,29.34373929374422,7.288770943779783,0.7740882959137502,40.0,4.0,0.7744662232416887,5.923858661276306
22,A1,camera_only,1.6228596354559066,0,11.8,26.042812083252496,-2.6811137397292635,14.099040746296229,4.216018445097997,0.5270023056372496,0,0.0769161895522925,14.099040746296229,59.99295379375083,37.2398172256579,7.91915012560552,33.51204453692736,0.9767956609088524,1.4238328593734613,9.092403308092612,-0.04485612325247407,,,,,,,,,,,,,,
22,A2,camera_only,,,,2.431106034871706,,5.2,4.996328345552324,,0,,20.054398354488473,,,,,,0.9340128295188521,4.391050198209932,-0.009492133231248093,1.0,1,1,0.0,0.0,0.0,0.0,26.44767207669152,8.92985810541067,0.6870197813102317,38.0,3.0,0.8056865904193178,5.515915542655544
22,A1,multimodal_permissive,1.5547831365623286,0,10.8,26.14487803755367,-2.6811137397292635,13.3,4.682598369642794,0.5853247962053493,1,0.06135931158968593,14.099040746296229,59.99295379375083,37.2398172256579,7.91915012560552,33.51204453692736,0.9767956609088524,1.4238328593734613,9.092403308092612,-0.04485612325247407,,,,,,,,,,,,,,
22,A2,multimodal_permissive,,,,2.431106034871706,,5.2,4.996328345552324,,0,,20.054398354488473,,,,,,0.9340128295188521,4.391050198209932,-0.009492133231248093,0.9671859304430103,1,1,0.0,0.0,6.841573126802453e-31,0.0,26.44767207669152,8.92985810541067,0.6870197813102317,38.0,3.0,0.8056865904193178,5.515915542655544
22,A1,mitigation,0.21226166753837336,0,0.0,7.660324970655044,-2.6811137397292635,7.300000000000001,8.1635511236849,1.0204438904606126,1,0.042443289425936816,14.099040746296229,59.99295379375083,37.2398172256579,7.91915012560552,33.51204453692736,0.9767956609088524,1.4238328593734613,9.092403308092612,-0.04485612325247407,,,,,,,,,,,,,,
22,A2,mitigation,,,,70.88235294117646,,19.900000000000002,1.2525800282906496,,0,,20.054398354488473,,,,,,0.9340128295188521,4.391050198209932,-0.009492133231248093,0.06820956939008997,0,0,0.735,1.2760284710252563,0.837933593781836,1.0,24.78093305978055,8.92985810541067,0.6870197813102317,38.0,3.0,0.8056865904193178,5.515915542655544
23,A1,camera_only,1.5951109900392273,0,14.700000000000001,9.848768489394644,-1.5951109900392273,15.081799241972092,2.489743624736897,0.31121795309211214,0,0.7805844801071515,15.081799241972092,64.4145822087823,37.80101914044691,4.682248300787976,35.840146256015046,0.9418988475509418,0.8715122642743454,7.54504659271434,0.02165846359235828,,,,,,,,,,,,,,
23,A2,camera_only,,,,3.2611722199327176,,6.0,4.811966511452221,,0,,19.588848188681013,,,,,,1.0062352876597258,3.1672302598718054,0.004835738320004141,1.0,1,1,0.0,0.0,0.0,0.0,29.26259091818645,8.160887722562846,0.7288806926604667,40.0,2.0,0.8382132031370051,8.417948460361089
23,A1,multimodal_permissive,1.528696951769459,0,14.600000000000001,8.897303558876173,-1.528696951769459,15.081799241972092,2.491086179686723,0.31138577246084037,0,0.577646632386859,15.081799241972092,64.4145822087823,37.80101914044691,4.682248300787976,35.840146256015046,0.9418988475509418,0.8715122642743454,7.54504659271434,0.02165846359235828,,,,,,,,,,,,,,
23,A2,multimodal_permissive,,,,3.2611722199327176,,6.0,4.811966511452221,,0,,19.588848188681013,,,,,,1.0062352876597258,3.1672302598718054,0.004835738320004141,0.9522498064152927,1,1,0.0,0.0,7.70842326880414e-36,0.0,29.26259091818645,8.160887722562846,0.7288806926604667,40.0,2.0,0.8382132031370051,8.417948460361089
23,A1,mitigation,2.387530472158965,0,0.0,32.28571428571428,-0.8410409564124626,8.3,7.8185843654937885,0.9773230456867236,1,0.04226642341724579,15.081799241972092,64.4145822087823,37.80101914044691,4.682248300787976,35.840146256015046,0.9418988475509418,0.8715122642743454,7.54504659271434,0.02165846359235828,,,,,,,,,,,,,,
23,A2,mitigation,,,,10.907748052198638,,19.400000000000002,1.4165452648890162,,0,,19.588848188681013,,,,,,1.0062352876597258,3.1672302598718054,0.004835738320004141,0.06165383724139817,0,0,0.6512820512820513,1.3911247081746652,0.8674066970810242,1.0,27.756879913451716,8.160887722562846,0.7288806926604667,40.0,2.0,0.8382132031370051,8.417948460361089
24,A1,camera_only,1.5941573817575414,0,12.700000000000001,10.301841756828775,-1.5941573817575414,13.990806510007946,3.1371590954719633,0.3921448869339954,0,0.7931125918734949,13.990806510007946,62.05177315639144,44.04632947058069,7.038398603620888,34.77055008916301,0.8681187007321844,1.44299905155463,7.216076152477433,0.024247527068656263,,,,,,,,,,,,,,
24,A2,camera_only,,,,3.3459724419354897,,6.2,5.168449260793142,,0,,21.512019954391118,,,,,,1.4324989734745903,3.8061458757859703,-0.05506485220836787,1.0,1,1,0.0,0.0,0.0,0.0,32.487492918681205,9.348640280108661,0.7373895850061097,44.0,4.0,0.7280467754390714,6.661997059856493
24,A1,multimodal_permissive,1.5277627990880407,0,12.600000000000001,9.27719663179555,-1.5277627990880407,13.990806510007946,3.1387529348001495,0.3923441168500187,0,0.570327486702169,13.990806510007946,62.05177315639144,44.04632947058069,7.038398603620888,34.77055008916301,0.8681187007321844,1.44299905155463,7.216076152477433,0.024247527068656263,,,,,,,,,,,,,,
24,A2,multimodal_permissive,,,,3.3459724419354897,,6.2,5.168449260793142,,0,,21.512019954391118,,,,,,1.4324989734745903,3.8061458757859703,-0.05506485220836787,0.9311985923869024,1,1,0.0,0.0,8.032802757543088e-32,0.0,32.487492918681205,9.348640280108661,0.7373895850061097,44.0,4.0,0.7280467754390714,6.661997059856493
24,A1,mitigation,0.8664396691149459,0,0.0,15.844604065593693,-0.8664396691149459,7.9,7.8794358730559635,0.9849294841319954,1,0.03144874609716296,13.990806510007946,62.05177315639144,44.04632947058069,7.038398603620888,34.77055008916301,0.8681187007321844,1.44299905155463,7.216076152477433,0.024247527068656263,,,,,,,,,,,,,,
24,A2,mitigation,,,,73.59813799835909,,21.400000000000002,1.468923025647868,,0,,21.512019954391118,,,,,,1.4324989734745903,3.8061458757859703,-0.05506485220836787,0.19743291958496526,0,0,0.7023255813953488,1.7588530711736432,0.6529568684688607,0.2847245234699278,30.580682289193817,9.348640280108661,0.7373895850061097,44.0,4.0,0.7280467754390714,6.661997059856493
25,A1,camera_only,1.6202048130536282,0,11.0,26.037435440008004,-2.392293084711147,13.482163699696024,3.9279125210758616,0.4909890651344827,0,0.08681845773832346,13.482163699696024,58.00312035171004,39.03237850247944,6.208175781940992,28.024314496171627,0.7702015488955762,1.542232852072826,8.967335704566013,-0.0378718872628838,,,,,,,,,,,,,,
25,A2,camera_only,,,,2.8836125667558177,,6.1000000000000005,4.841516229355736,,0,,18.24174223365574,,,,,,0.8747113777350614,3.625185671046536,0.011623339311783661,1.0,1,1,0.0,0.0,0.0,0.0,29.951624685831057,9.567306207578692,0.808357352671192,37.0,3.0,0.924283882044146,8.949504237060127
25,A1,multimodal_permissive,1.5521921857429808,0,10.100000000000001,26.11061011002337,-2.392293084711147,13.200000000000001,4.410979999630303,0.5513724999537879,1,0.034233767104981244,13.482163699696024,58.00312035171004,39.03237850247944,6.208175781940992,28.024314496171627,0.7702015488955762,1.542232852072826,8.967335704566013,-0.0378718872628838,,,,,,,,,,,,,,
25,A2,multimodal_permissive,,,,2.8836125667558177,,6.1000000000000005,4.841516229355736,,0,,18.24174223365574,,,,,,0.8747113777350614,3.625185671046536,0.011623339311783661,0.9614850556944948,1,1,0.0,0.0,1.3741409311020317e-36,0.0,29.951624685831057,9.567306207578692,0.808357352671192,37.0,3.0,0.924283882044146,8.949504237060127
25,A1,mitigation,0.2570482145225378,0,0.0,6.83512309917472,-2.392293084711147,7.1000000000000005,8.14204616581964,1.017755770727455,1,0.07545630141444341,13.482163699696024,58.00312035171004,39.03237850247944,6.208175781940992,28.024314496171627,0.7702015488955762,1.542232852072826,8.967335704566013,-0.0378718872628838,,,,,,,,,,,,,,
25,A2,mitigation,,,,11.024319199742743,,18.1,1.5336263383579496,,0,,18.24174223365574,,,,,,0.8747113777350614,3.625185671046536,0.011623339311783661,0.050926024100733595,0,0,0.6208791208791209,1.8161700869350277,0.8766689553547973,1.0,28.036422448027228,9.567306207578692,0.808357352671192,37.0,3.0,0.924283882044146,8.949504237060127
26,A1,camera_only,1.601387472518982,0,14.4,7.325614956854512,-1.601387472518982,14.474796752814713,2.5350373491889475,0.31687966864861844,0,0.7092821841687424,14.474796752814713,60.34399523947916,36.94650861469257,8.277149223292682,37.75738241643328,0.8625675379920674,1.2391624836368593,7.422999789401132,0.005433175035902605,,,,,,,,,,,,,,
26,A2,camera_only,,,,3.360820053740241,,5.4,4.713815802762137,,0,,17.966965817930422,,,,,,0.9220070024473682,2.771912599713089,0.00604731127219809,1.0,1,1,0.0,0.0,0.0,0.0,25.81612657647557,8.526274066324634,0.7278808079822611,35.0,4.0,0.8551440595010968,9.241137732666678
26,A1,multimodal_permissive,1.5347525831776907,0,14.200000000000001,6.774817341250841,-1.5347525831776907,14.474796752814713,2.536789130960195,0.31709864137002436,0,0.4564908593196293,14.474796752814713,60.34399523947916,36.94650861469257,8.277149223292682,37.75738241643328,0.8625675379920674,1.2391624836368593,7.422999789401132,0.005433175035902605,,,,,,,,,,,,,,
26,A2,multimodal_permissive,,,,3.360820053740241,,5.4,4.713815802762137,,0,,17.966965817930422,,,,,,0.9220070024473682,2.771912599713089,0.00604731127219809,0.954705341025757,1,1,0.0,0.0,1.0707240626168452e-33,0.0,25.81612657647557,8.526274066324634,0.7278808079822611,35.0,4.0,0.8551440595010968,9.241137732666678
26,A1,mitigation,1.2980577163935934,0,0.0,19.799285920672258,-0.6818708756736325,7.6000000000000005,7.925555243376844,0.9906944054221055,1,0.026329683970488942,14.474796752814713,60.34399523947916,36.94650861469257,8.277149223292682,37.75738241643328,0.8625675379920674,1.2391624836368593,7.422999789401132,0.005433175035902605,,,,,,,,,,,,,,
26,A2,mitigation,,,,11.36743906279101,,17.8,1.317299833454147,,0,,17.966965817930422,,,,,,0.9220070024473682,2.771912599713089,0.00604731127219809,0.06173461509686838,0,0,0.6536312849162011,1.7723611621829995,0.8692220013244087,1.0,23.69046624668674,8.526274066324634,0.7278808079822611,35.0,4.0,0.8551440595010968,9.241137732666678
27,A1,camera_only,1.6131521297381823,0,13.0,26.015973849200304,-1.6131521297381823,15.093208649430355,3.9472562717693713,0.4934070339711714,0,0.009532193034971215,15.093208649430355,61.138142722224316,37.69675938406278,5.941549129684766,39.1745423845076,0.9253135014491056,0.7085162553662693,7.497333042966188,-0.020688630656376373,,,,,,,,,,,,,,
27,A2,camera_only,,,,3.0261990971185426,,5.9,4.665643721992668,,0,,22.188786413965282,,,,,,1.0064857791203243,3.0655943127169456,0.030426285139907104,1.0,1,1,0.0,0.0,0.0,0.0,27.904902976889737,8.113748221005103,0.7054542535195297,39.0,4.0,0.9558382381875942,6.34171056637694
27,A1,multimodal_permissive,1.5455442385065459,0,11.9,26.05774419735687,-1.5455442385065459,14.200000000000001,4.4853993852281215,0.5606749231535152,1,0.01640362063987766,15.093208649430355,61.138142722224316,37.69675938406278,5.941549129684766,39.1745423845076,0.9253135014491056,0.7085162553662693,7.497333042966188,-0.020688630656376373,,,,,,,,,,,,,,
27,A2,multimodal_permissive,,,,3.0261990971185426,,5.9,4.665643721992668,,0,,22.188786413965282,,,,,,1.0064857791203243,3.0655943127169456,0.030426285139907104,0.9506221805293404,1,1,0.0,0.0,1.9667367919128685e-39,0.0,27.904902976889737,8.113748221005103,0.7054542535195297,39.0,4.0,0.9558382381875942,6.34171056637694
27,A1,mitigation,1.5735526447709274,0,0.0,19.99168606603303,-0.42561596183237566,7.7,7.999467546610607,0.9999334433263258,1,0.09448580964061859,15.093208649430355,61.138142722224316,37.69675938406278,5.941549129684766,39.1745423845076,0.9253135014491056,0.7085162553662693,7.497333042966188,-0.020688630656376373,,,,,,,,,,,,,,
27,A2,mitigation,,,,10.823299197245934,,22.0,1.1679204487606563,,0,,22.188786413965282,,,,,,1.0064857791203243,3.0655943127169456,0.030426285139907104,0.06875095841633791,0,0,0.7058823529411765,1.5489374290826028,0.8737311994417887,1.0,25.744394293120667,8.113748221005103,0.7054542535195297,39.0,4.0,0.9558382381875942,6.34171056637694
28,A1,camera_only,1.603194806888859,0,13.100000000000001,11.333844781751367,-3.9668456736129794,15.555501807946474,2.9793606287991827,0.37242007859989784,0,0.7101383910723769,15.555501807946474,66.84892954076864,46.719919371805915,4.193191605298932,28.602396727939215,0.805647908960633,1.444603210838642,9.377198775809298,0.0032611649789558994,,,,,,,,,,,,,,
28,A2,camera_only,,,,3.0928069925013957,,6.800000000000001,5.00384641093704,,0,,21.31821722526892,,,,,,1.5681910089538986,3.0311238332856565,-0.03870047127304062,1.0,1,1,0.0,0.0,0.0,0.0,34.418225559156745,7.81734553581753,0.7945316620330093,43.0,4.0,0.7389074643847704,7.59875732456263
28,A1,multimodal_permissive,4.120256111291618,1,12.9,66.8826408284806,-4.120256111291618,15.555501807946474,2.9810918128897996,0.37263647661122495,0,0.44216388439146215,15.555501807946474,66.84892954076864,46.719919371805915,4.193191605298932,28.602396727939215,0.805647908960633,1.444603210838642,9.377198775809298,0.0032611649789558994,,,,,,,,,,,,,,
28,A2,multimodal_permissive,,,,3.0928069925013957,,6.800000000000001,5.00384641093704,,0,,21.31821722526892,,,,,,1.5681910089538986,3.0311238332856565,-0.03870047127304062,0.930353159631125,1,1,0.0,0.0,2.3834127390493175e-32,0.0,34.418225559156745,7.81734553581753,0.7945316620330093,43.0,4.0,0.7389074643847704,7.59875732456263
28,A1,mitigation,0.8357313591101834,0,0.0,14.962948161251685,-3.9668456736129794,8.3,7.98894770109253,0.9986184626365663,1,0.03634369620915992,15.555501807946474,66.84892954076864,46.719919371805915,4.193191605298932,28.602396727939215,0.805647908960633,1.444603210838642,9.377198775809298,0.0032611649789558994,,,,,,,,,,,,,,
28,A2,mitigation,,,,75.20348376811471,,21.200000000000003,1.5751983348337186,,0,,21.31821722526892,,,,,,1.5681910089538986,3.0311238332856565,-0.03870047127304062,0.08929204390557863,0,0,0.6713615023474179,1.4651471412442305,0.8200553740540789,1.0,32.50810332469995,7.81734553581753,0.7945316620330093,43.0,4.0,0.7389074643847704,7.59875732456263
29,A1,camera_only,1.6237616441960314,0,10.9,26.0477243685536,-1.6237616441960314,13.150140911062207,4.002763552115301,0.5003454440144126,0,0.08961559608302451,13.150140911062207,63.063222985714496,43.26927641481596,5.591219283623266,29.55065973822201,0.7253900684699851,1.0347537667851094,7.950571504691449,-0.047654804665999854,,,,,,,,,,,,,,
29,A2,camera_only,,,,2.7134360683227676,,7.4,4.561943843822457,,0,,18.31016456254888,,,,,,1.2867148168824385,2.559476290853529,0.04102731135915837,1.0,1,1,0.0,0.0,0.0,0.0,34.103017103561285,9.652425575193915,0.7664633534561535,44.0,4.0,0.9438890885776439,7.1062658316991625
29,A1,multimodal_permissive,1.555747521242526,0,10.0,26.168071536579944,-1.555747521242526,13.150140911062207,4.477169203817445,0.5596461504771806,0,0.08842328669279463,13.150140911062207,63.063222985714496,43.26927641481596,5.591219283623266,29.55065973822201,0.7253900684699851,1.0347537667851094,7.950571504691449,-0.047654804665999854,,,,,,,,,,,,,,
29,A2,multimodal_permissive,,,,2.7134360683227676,,7.4,4.561943843822457,,0,,18.31016456254888,,,,,,1.2867148168824385,2.559476290853529,0.04102731135915837,0.9474726034279777,1,1,0.0,0.0,7.501244721229984e-42,0.0,34.103017103561285,9.652425575193915,0.7664633534561535,44.0,4.0,0.9438890885776439,7.1062658316991625
29,A1,mitigation,0.29896638822872207,0,0.0,4.600441830266913,-0.1610777947979693,7.7,8.148882508238025,1.018610313529753,1,0.02230063905216525,13.150140911062207,63.063222985714496,43.26927641481596,5.591219283623266,29.55065973822201,0.7253900684699851,1.0347537667851094,7.950571504691449,-0.047654804665999854,,,,,,,,,,,,,,
29,A2,mitigation,,,,9.371351256050152,,18.2,1.7209823833613962,,0,,18.31016456254888,,,,,,1.2867148168824385,2.559476290853529,0.04102731135915837,0.06887855233406286,0,0,0.5573770491803278,2.150376008519906,0.8722479379829644,1.0,31.52469954740615,9.652425575193915,0.7664633534561535,44.0,4.0,0.9438890885776439,7.1062658316991625
30,A1,camera_only,1.6083627553871638,0,13.700000000000001,26.00274883176783,-1.6083627553871638,13.707396414437598,3.139351369381067,0.3924189211726334,0,0.0334039065043612,13.707396414437598,62.29106998665811,37.29182223174609,7.555616541728262,37.39238416005626,0.9455702792410944,0.9774866277721964,7.273950929274059,-0.010119051785303047,,,,,,,,,,,,,,
30,A2,camera_only,,,,2.330629390923853,,6.7,4.893099094847871,,0,,20.253814816688166,,,,,,1.1571667801552112,4.3018211411031775,0.013325623694623657,1.0,1,1,0.0,0.0,0.0,0.0,33.241563751130336,7.5006920249904585,0.7701755087494971,43.0,4.0,0.8216677039217749,8.71866849047137
30,A1,multimodal_permissive,1.541168916826529,0,12.700000000000001,26.016267487828266,-1.541168916826529,13.707396414437598,3.7560461021623572,0.46950576277029465,0,0.009178987664810734,13.707396414437598,62.29106998665811,37.29182223174609,7.555616541728262,37.39238416005626,0.9455702792410944,0.9774866277721964,7.273950929274059,-0.010119051785303047,,,,,,,,,,,,,,
30,A2,multimodal_permissive,,,,2.330629390923853,,6.7,4.893099094847871,,0,,20.253814816688166,,,,,,1.1571667801552112,4.3018211411031775,0.013325623694623657,0.9495018326433041,1,1,0.0,0.0,1.197499946037402e-35,0.0,33.241563751130336,7.5006920249904585,0.7701755087494971,43.0,4.0,0.8216677039217749,8.71866849047137
30,A1,mitigation,1.0709453334933074,0,0.0,16.002488640509124,-0.529303530557605,7.800000000000001,7.974779991948804,0.9968474989936005,1,0.038847511676928424,13.707396414437598,62.29106998665811,37.29182223174609,7.555616541728262,37.39238416005626,0.9455702792410944,0.9774866277721964,7.273950929274059,-0.010119051785303047,,,,,,,,,,,,,,
30,A2,mitigation,,,,14.126396129650338,,20.1,1.5487677674612765,,0,,20.253814816688166,,,,,,1.1571667801552112,4.3018211411031775,0.013325623694623657,0.06305657877232172,0,0,0.6336633663366337,1.659441563717607,0.8630085598342578,1.0,31.43061037996552,7.5006920249904585,0.7701755087494971,43.0,4.0,0.8216677039217749,8.71866849047137
31,A1,camera_only,1.5836234273137404,0,14.4,9.781419681829385,-1.5836234273137404,15.709515432744581,2.86372870389637,0.35796608798704627,0,0.8575610849565862,15.709515432744581,58.67678262361633,45.4182313974051,6.83526823587542,36.12913332326576,0.7303110943271998,0.7435292767726328,7.441325348082203,0.04786696585103881,,,,,,,,,,,,,,
31,A2,camera_only,,,,3.404104332665119,,5.800000000000001,4.765248248098392,,0,,18.661871350331193,,,,,,1.1107326542907154,2.3112286245356035,-0.025817148139310686,1.0,1,1,0.0,0.0,0.0,0.0,27.973942485496277,8.861112086383944,0.8177362677675506,34.0,4.0,0.7746087790443078,6.511134692706313
31,A1,multimodal_permissive,1.518164510955692,0,14.200000000000001,8.769575648633829,-1.518164510955692,15.709515432744581,2.865208790900903,0.35815109886261287,0,0.6301944613029065,15.709515432744581,58.67678262361633,45.4182313974051,6.83526823587542,36.12913332326576,0.7303110943271998,0.7435292767726328,7.441325348082203,0.04786696585103881,,,,,,,,,,,,,,
31,A2,multimodal_permissive,,,,3.404104332665119,,5.800000000000001,4.765248248098392,,0,,18.661871350331193,,,,,,1.1107326542907154,2.3112286245356035,-0.025817148139310686,0.9521285180764871,1,1,0.0,0.0,1.5396606802557303e-32,0.0,27.973942485496277,8.861112086383944,0.8177362677675506,34.0,4.0,0.7746087790443078,6.511134692706313
31,A1,mitigation,1.4574604581516786,0,0.0,25.556068217217973,-1.0981463635701187,7.6000000000000005,7.776720145709381,0.9720900182136726,1,0.09672564278934213,15.709515432744581,58.67678262361633,45.4182313974051,6.83526823587542,36.12913332326576,0.7303110943271998,0.7435292767726328,7.441325348082203,0.04786696585103881,,,,,,,,,,,,,,
31,A2,mitigation,,,,76.4673377675336,,18.5,1.4495254405646683,,0,,18.661871350331193,,,,,,1.1107326542907154,2.3112286245356035,-0.025817148139310686,0.06252906042033922,0,0,0.6720430107526881,1.3256386269665335,0.8351604218157745,1.0,26.280785999546563,8.861112086383944,0.8177362677675506,34.0,4.0,0.7746087790443078,6.511134692706313
32,A1,camera_only,1.5904110713115502,0,12.700000000000001,10.610916515619984,-2.2616755097564587,13.480728491124305,3.0419476369376524,0.38024345461720654,0,0.8428106147081138,13.480728491124305,63.72229495472084,41.27989775546058,5.937611079238854,36.23936665799588,0.9727803286706204,1.5218057091865203,8.678246055790133,0.03301015658209622,,,,,,,,,,,,,,
32,A2,camera_only,,,,3.0771005606361923,,6.2,4.9506572191423945,,0,,19.52841511813442,,,,,,1.0971887572649193,3.6527478946902066,-0.01074176395480111,1.0,1,1,0.0,0.0,0.0,0.0,31.11903819422478,7.76831024103227,0.7559578719644107,41.0,3.0,0.9573870693928168,5.761949405574672
32,A1,multimodal_permissive,1.5243085059283912,0,12.600000000000001,9.512827864337403,-2.2616755097564587,13.480728491124305,3.043812036072358,0.38047650450904474,0,0.5938286833869455,13.480728491124305,63.72229495472084,41.27989775546058,5.937611079238854,36.23936665799588,0.9727803286706204,1.5218057091865203,8.678246055790133,0.03301015658209622,,,,,,,,,,,,,,
32,A2,multimodal_permissive,,,,3.0771005606361923,,6.2,4.9506572191423945,,0,,19.52841511813442,,,,,,1.0971887572649193,3.6527478946902066,-0.01074176395480111,0.9382735066896195,1,1,0.0,0.0,1.5275763604214127e-38,0.0,31.11903819422478,7.76831024103227,0.7559578719644107,41.0,3.0,0.9573870693928168,5.761949405574672
32,A1,mitigation,1.5497117285531985,0,0.0,25.0211279319499,-2.2616755097564587,8.1,7.844704540503923,0.9805880675629903,1,0.09677003220243076,13.480728491124305,63.72229495472084,41.27989775546058,5.937611079238854,36.23936665799588,0.9727803286706204,1.5218057091865203,8.678246055790133,0.03301015658209622,,,,,,,,,,,,,,
32,A2,mitigation,,,,65.0,,19.400000000000002,1.5321869442492042,,0,,19.52841511813442,,,,,,1.0971887572649193,3.6527478946902066,-0.01074176395480111,0.05115344410842319,0,0,0.6512820512820513,1.323936530150391,0.8863461910343485,1.0,29.654519529354364,7.76831024103227,0.7559578719644107,41.0,3.0,0.9573870693928168,5.761949405574672
33,A1,camera_only,1.6168608064955012,0,12.100000000000001,26.02689306757224,-1.6168608064955012,14.330926710888,4.034847410826536,0.504355926353317,0,0.06209828526353251,14.330926710888,63.684911919245565,48.71345284945147,5.5254973209928115,35.06537524665818,0.8133720633586814,1.3429175745202582,8.357647154861082,-0.029791554217742135,,,,,,,,,,,,,,
33,A2,camera_only,,,,1.83528270045489,,4.800000000000001,4.771592001819283,,0,,19.83857906917138,,,,,,0.7631208847749019,4.317866956077951,0.03643703476026192,1.0,1,1,0.0,0.0,9.075411089038293e-33,0.0,23.355988494311838,7.468223566576369,0.6869400205023116,34.0,2.0,0.8091249096867011,5.102990461251923
33,A1,multimodal_permissive,4.155229500240013,1,10.9,67.55229500240013,-4.155229500240013,14.100000000000001,4.521997160216989,0.5652496450271236,1,0.04384696971468608,14.330926710888,63.684911919245565,48.71345284945147,5.5254973209928115,35.06537524665818,0.8133720633586814,1.3429175745202582,8.357647154861082,-0.029791554217742135,,,,,,,,,,,,,,
33,A2,multimodal_permissive,,,,1.83528270045489,,4.800000000000001,4.771592001819283,,0,,19.83857906917138,,,,,,0.7631208847749019,4.317866956077951,0.03643703476026192,0.954287703039584,1,1,0.0,0.0,4.809483968325918e-28,0.0,23.355988494311838,7.468223566576369,0.6869400205023116,34.0,2.0,0.8091249096867011,5.102990461251923
33,A1,mitigation,0.3922396545496652,0,0.0,7.285559362450426,-0.729593867012756,7.800000000000001,8.092384651910468,1.0115480814888085,1,0.02483114737458265,14.330926710888,63.684911919245565,48.71345284945147,5.5254973209928115,35.06537524665818,0.8133720633586814,1.3429175745202582,8.357647154861082,-0.029791554217742135,,,,,,,,,,,,,,
33,A2,mitigation,,,,61.4255268900183,,19.700000000000003,1.1117001298668643,,0,,19.83857906917138,,,,,,0.7631208847749019,4.317866956077951,0.03643703476026192,0.06351426830104939,0,0,0.7424242424242424,1.1389381289956262,0.8383120665927367,1.0,21.896447740719523,7.468223566576369,0.6869400205023116,34.0,2.0,0.8091249096867011,5.102990461251923
34,A1,camera_only,1.6034936649037275,0,12.3,10.257248173164312,-3.590036860607502,13.012084730479131,2.989844972287656,0.373730621535957,0,0.6795438475740667,13.012084730479131,66.72176914270543,39.3983934264618,7.906367787170112,33.80910859563957,0.9250187084835594,1.448614180563628,9.249304991192124,0.00209928936085666,,,,,,,,,,,,,,
34,A2,camera_only,,,,0.9247781157102342,,6.1000000000000005,4.7653847335705155,,0,,22.302910934092825,,,,,,1.488213178350008,4.998505217574104,0.04931286460321933,1.0,1,1,0.0,0.0,0.0,0.0,29.557888326066198,10.145404770193949,0.7748872111324675,38.0,4.0,0.7664642756316532,5.58274841358407
34,A1,multimodal_permissive,1.5365239179055492,0,12.100000000000001,10.257248173164312,-3.590036860607502,13.012084730479131,2.9918023857555336,0.3739752982194417,0,0.42526872243819014,13.012084730479131,66.72176914270543,39.3983934264618,7.906367787170112,33.80910859563957,0.9250187084835594,1.448614180563628,9.249304991192124,0.00209928936085666,,,,,,,,,,,,,,
34,A2,multimodal_permissive,,,,0.9247781157102342,,6.1000000000000005,4.7653847335705155,,0,,22.302910934092825,,,,,,1.488213178350008,4.998505217574104,0.04931286460321933,0.9446248949246804,1,1,0.0,0.0,3.856113620230049e-33,0.0,29.557888326066198,10.145404770193949,0.7748872111324675,38.0,4.0,0.7664642756316532,5.58274841358407
34,A1,mitigation,0.9164043149234061,0,0.0,15.655697721248378,-3.590036860607502,8.3,7.9856441948302415,0.9982055243537802,1,0.027749769610061193,13.012084730479131,66.72176914270543,39.3983934264618,7.906367787170112,33.80910859563957,0.9250187084835594,1.448614180563628,9.249304991192124,0.00209928936085666,,,,,,,,,,,,,,
34,A2,mitigation,,,,67.51534915889476,,22.200000000000003,1.2631834887985527,,0,,22.302910934092825,,,,,,1.488213178350008,4.998505217574104,0.04931286460321933,0.1576021710586739,0,0,0.6995515695067265,1.1845611193051617,0.7585454204280868,1.0,28.08400752169612,10.145404770193949,0.7748872111324675,38.0,4.0,0.7664642756316532,5.58274841358407
35,A1,camera_only,1.5907087062294742,0,11.4,11.24444443824823,-3.935555553386887,14.013848676651174,3.4675989920919124,0.43344987401148904,0,0.8048744701034849,14.013848676651174,62.58495556103353,49.09009591189738,9.680954174481354,29.161423764255815,0.7202319256111653,1.0852947461048652,9.270814918638324,0.03105563566246866,,,,,,,,,,,,,,
35,A2,camera_only,,,,3.24522447200976,,5.800000000000001,4.8349157600359245,,0,,21.974029596123103,,,,,,0.7508720331504443,2.130889771418919,-0.05653541689217383,1.0,1,1,0.0,0.0,0.0,0.0,28.368129467051556,9.751778218587999,0.7027857147881192,40.0,4.0,0.8130566614946801,7.906616702399381
35,A1,multimodal_permissive,1.5246772101479258,0,11.4,11.24444443824823,-3.935555553386887,14.013848676651174,3.469120050597452,0.4336400063246815,0,0.5968217203422199,14.013848676651174,62.58495556103353,49.09009591189738,9.680954174481354,29.161423764255815,0.7202319256111653,1.0852947461048652,9.270814918638324,0.03105563566246866,,,,,,,,,,,,,,
35,A2,multimodal_permissive,,,,3.24522447200976,,5.800000000000001,4.8349157600359245,,0,,21.974029596123103,,,,,,0.7508720331504443,2.130889771418919,-0.05653541689217383,0.9502656769441388,1,1,0.0,0.0,4.788717606768499e-31,0.0,28.368129467051556,9.751778218587999,0.7027857147881192,40.0,4.0,0.8130566614946801,7.906616702399381
35,A1,mitigation,0.9332272144202455,0,0.0,17.917669459044816,-3.935555553386887,7.9,7.887991920526676,0.9859989900658345,1,0.008887249794980446,14.013848676651174,62.58495556103353,49.09009591189738,9.680954174481354,29.161423764255815,0.7202319256111653,1.0852947461048652,9.270814918638324,0.03105563566246866,,,,,,,,,,,,,,
35,A2,mitigation,,,,65.0,,21.8,1.2438232161601486,,0,,21.974029596123103,,,,,,0.7508720331504443,2.130889771418919,-0.05653541689217383,0.06173343222678583,0,0,0.726027397260274,1.8050413604696907,0.8407954656145218,1.0,26.226524529918603,9.751778218587999,0.7027857147881192,40.0,4.0,0.8130566614946801,7.906616702399381
36,A1,camera_only,1.6147487498110191,0,12.0,26.024081346821053,-3.1462659349523814,13.541899273672508,3.865768421889381,0.4832210527361726,0,0.06793620245190368,13.541899273672508,61.982367607356686,48.513653649978295,6.420316045088001,36.19605547633566,0.8528810379555346,1.1551125701199594,9.188386142050726,-0.0253948055387776,,,,,,,,,,,,,,
36,A2,camera_only,,,,3.120669018750266,,5.1000000000000005,4.888628062218284,,0,,17.78180997502115,,,,,,0.9343027187675742,2.83893284920502,-0.03619894539128176,1.0,1,1,0.0,0.0,0.0,0.0,25.303583087720668,7.814483741060251,0.7371892849591032,34.0,3.0,0.9629489443657878,7.4212621327114
36,A1,multimodal_permissive,1.5471626212729348,0,11.200000000000001,26.073289532488783,-3.1462659349523814,13.541899273672508,4.253489694676731,0.5316862118345914,0,0.029796931125929405,13.541899273672508,61.982367607356686,48.513653649978295,6.420316045088001,36.19605547633566,0.8528810379555346,1.1551125701199594,9.188386142050726,-0.0253948055387776,,,,,,,,,,,,,,
36,A2,multimodal_permissive,,,,3.120669018750266,,5.1000000000000005,4.888628062218284,,0,,17.78180997502115,,,,,,0.9343027187675742,2.83893284920502,-0.03619894539128176,0.9397318705459108,1,1,0.0,0.0,1.314678292144835e-33,0.0,25.303583087720668,7.814483741060251,0.7371892849591032,34.0,3.0,0.9629489443657878,7.4212621327114
36,A1,mitigation,0.3794483862360196,0,0.0,8.989331242721072,-3.1462659349523814,7.6000000000000005,8.089338175259343,1.0111672719074178,1,0.08506817685926472,13.541899273672508,61.982367607356686,48.513653649978295,6.420316045088001,36.19605547633566,0.8528810379555346,1.1551125701199594,9.188386142050726,-0.0253948055387776,,,,,,,,,,,,,,
36,A2,mitigation,,,,65.0,,17.6,1.3597297540826556,,0,,17.78180997502115,,,,,,0.9343027187675742,2.83893284920502,-0.03619894539128176,0.06889093967726946,0,0,0.7005649717514124,1.5381888112413975,0.8568666413152672,1.0,23.43541899602988,7.814483741060251,0.7371892849591032,34.0,3.0,0.9629489443657878,7.4212621327114
37,A1,camera_only,1.6176792503077055,0,12.0,26.031886522762115,-1.6176792503077055,15.112459094840709,4.259925641662429,0.5324907052078036,0,0.09264374477582962,15.112459094840709,64.61668720802474,36.96590530724831,8.216809882658312,31.82754656937071,0.8370248752946928,1.5335223533921025,7.16108024179613,-0.03163188460708582,,,,,,,,,,,,,,
37,A2,camera_only,,,,3.125421613742476,,7.1000000000000005,4.883138086653928,,0,,17.595766615491826,,,,,,1.3518116673789498,2.577961579078309,-0.02608711350942403,1.0,1,1,0.0,0.0,3.31835372238522e-38,0.0,35.030838584277554,9.894440779323912,0.7779073670641755,45.0,2.0,0.7536107535477652,8.530098251419998
37,A1,multimodal_permissive,1.5497928679013637,0,10.9,26.11502361521638,-1.5497928679013637,14.200000000000001,4.743594842156344,0.592949355269543,1,0.09814130795513024,15.112459094840709,64.61668720802474,36.96590530724831,8.216809882658312,31.82754656937071,0.8370248752946928,1.5335223533921025,7.16108024179613,-0.03163188460708582,,,,,,,,,,,,,,
37,A2,multimodal_permissive,,,,3.125421613742476,,7.1000000000000005,4.883138086653928,,0,,17.595766615491826,,,,,,1.3518116673789498,2.577961579078309,-0.02608711350942403,0.9240371270720352,1,1,0.0,0.0,1.743905792868113e-34,0.0,35.030838584277554,9.894440779323912,0.7779073670641755,45.0,2.0,0.7536107535477652,8.530098251419998
37,A1,mitigation,0.318262640575916,0,0.0,6.3563475999343,-0.318262640575916,8.0,8.084351392542626,1.0105439240678282,1,0.007743672751479528,15.112459094840709,64.61668720802474,36.96590530724831,8.216809882658312,31.82754656937071,0.8370248752946928,1.5335223533921025,7.16108024179613,-0.03163188460708582,,,,,,,,,,,,,,
37,A2,mitigation,,,,76.4408541647255,,17.400000000000002,1.9456556581341042,,0,,17.595766615491826,,,,,,1.3518116673789498,2.577961579078309,-0.02608711350942403,0.08667183385316672,0,0,0.5828571428571429,1.3451381986284972,0.8256864141500003,1.0,33.4903801681596,9.894440779323912,0.7779073670641755,45.0,2.0,0.7536107535477652,8.530098251419998
38,A1,camera_only,1.606219562920856,0,13.4,26.000079926473312,-1.606219562920856,14.457283134513602,3.210729360794358,0.40134117009929476,0,0.0068725947029690815,14.457283134513602,60.49735859065078,46.08533632975541,7.807684037571163,39.1908609041039,0.7302765401831959,1.4098267745618214,8.241492620145584,-0.006184871637803136,,,,,,,,,,,,,,
38,A2,camera_only,,,,3.402275529931682,,6.1000000000000005,4.947981520304696,,0,,19.665220271894402,,,,,,1.0890945479614011,3.5740353971071643,-0.012548165216162767,1.0,1,1,0.0,0.0,0.0,0.0,30.60298681569779,7.0400303897400045,0.6903013481010115,44.0,4.0,0.894248573226373,7.032236267557736
38,A1,multimodal_permissive,4.144212272470771,2,13.100000000000001,67.4421227247077,-4.144212272470771,14.457283134513602,3.673705196480046,0.45921314956000575,0,0.0008016255890197499,14.457283134513602,60.49735859065078,46.08533632975541,7.807684037571163,39.1908609041039,0.7302765401831959,1.4098267745618214,8.241492620145584,-0.006184871637803136,,,,,,,,,,,,,,
38,A2,multimodal_permissive,,,,3.402275529931682,,6.1000000000000005,4.947981520304696,,0,,19.665220271894402,,,,,,1.0890945479614011,3.5740353971071643,-0.012548165216162767,0.928053806539045,1,1,0.0,0.0,8.160439045371432e-36,0.0,30.60298681569779,7.0400303897400045,0.6903013481010115,44.0,4.0,0.894248573226373,7.032236267557736
38,A1,mitigation,0.5678978378045791,0,0.0,8.488410583655464,-0.6293053239348193,7.5,8.017589533365147,1.0021986916706433,1,0.04823252016981304,14.457283134513602,60.49735859065078,46.08533632975541,7.807684037571163,39.1908609041039,0.7302765401831959,1.4098267745618214,8.241492620145584,-0.006184871637803136,,,,,,,,,,,,,,
38,A2,mitigation,,,,65.0,,19.5,1.4977910153920981,,0,,19.665220271894402,,,,,,1.0890945479614011,3.5740353971071643,-0.012548165216162767,0.06630028728300644,0,0,0.6632653061224489,1.2695645494820091,0.8492741201919062,1.0,28.99951573935247,7.0400303897400045,0.6903013481010115,44.0,4.0,0.894248573226373,7.032236267557736
39,A1,camera_only,1.5843552486955077,0,14.100000000000001,6.66191237451988,-1.5843552486955077,14.505135871454225,2.5821175333708264,0.3227646916713533,0,0.8382389372381027,14.505135871454225,63.39335406206489,37.902238827374035,5.838319410529954,34.9502161456208,0.925734526269106,0.8284128852945257,7.572909666748165,0.04403500064849867,,,,,,,,,,,,,,
39,A2,camera_only,,,,3.136984848624278,,6.2,4.840741922446444,,0,,20.663921227259976,,,,,,0.9406095965501694,3.4456549060745245,0.007780757886356215,1.0,1,1,0.0,0.0,2.794312548327188e-35,0.0,30.42094154909034,9.558535151519063,0.772301847489644,39.0,2.0,0.7799410103367377,9.880431832682508
39,A1,multimodal_permissive,1.5190021369826594,0,13.9,6.015103386956864,-1.5190021369826594,14.505135871454225,2.5836154684328383,0.3229519335541048,0,0.6145000985863902,14.505135871454225,63.39335406206489,37.902238827374035,5.838319410529954,34.9502161456208,0.925734526269106,0.8284128852945257,7.572909666748165,0.04403500064849867,,,,,,,,,,,,,,
39,A2,multimodal_permissive,,,,3.136984848624278,,6.2,4.840741922446444,,0,,20.663921227259976,,,,,,0.9406095965501694,3.4456549060745245,0.007780757886356215,0.9344612437614488,1,1,0.0,0.0,1.5405104234099634e-32,0.0,30.42094154909034,9.558535151519063,0.772301847489644,39.0,2.0,0.7799410103367377,9.880431832682508
39,A1,mitigation,2.168016643638228,0,0.0,32.28571428571428,-1.0605547849332,8.4,7.6626111408507755,0.9578263926063469,1,0.03371742338293219,14.505135871454225,63.39335406206489,37.902238827374035,5.838319410529954,34.9502161456208,0.925734526269106,0.8284128852945257,7.572909666748165,0.04403500064849867,,,,,,,,,,,,,,
39,A2,mitigation,,,,10.725729716009132,,20.5,1.392335150292106,,0,,20.663921227259976,,,,,,0.9406095965501694,3.4456549060745245,0.007780757886356215,0.15816583020021885,0,0,0.6650485436893204,1.2758393628114604,0.7734738250503495,1.0,28.81364751237086,9.558535151519063,0.772301847489644,39.0,2.0,0.7799410103367377,9.880431832682508
